name,num_laps,number,lap,measurement,lap_split,rest_time
Guillaume Calmettes,54,1,1,7:31:30,50:08,09:51
Guillaume Calmettes,54,1,2,8:31:25,50:03,09:56
Guillaume Calmettes,54,1,3,9:31:56,50:33,09:26
Guillaume Calmettes,54,1,4,10:31:34,50:12,09:47
Guillaume Calmettes,54,1,5,11:31:35,50:13,09:46
Guillaume Calmettes,54,1,6,12:31:11,49:49,10:10
Guillaume Calmettes,54,1,7,13:30:52,49:29,10:30
Guillaume Calmettes,54,1,8,14:30:35,49:12,10:47
Guillaume Calmettes,54,1,9,15:30:53,49:30,10:29
Guillaume Calmettes,54,1,10,16:30:32,49:09,10:50
Guillaume Calmettes,54,1,11,17:31:15,49:53,10:06
Guillaume Calmettes,54,1,12,18:29:52,48:29,11:30
Guillaume Calmettes,54,1,13,19:22:40,41:18,18:41
Guillaume Calmettes,54,1,14,20:25:18,43:55,16:04
Guillaume Calmettes,54,1,15,21:24:46,43:23,16:36
Guillaume Calmettes,54,1,16,22:25:32,44:09,15:50
Guillaume Calmettes,54,1,17,23:25:17,43:55,16:04
Guillaume Calmettes,54,1,18,24:24:58,43:36,16:23
Guillaume Calmettes,54,1,19,25:26:57,45:35,14:24
Guillaume Calmettes,54,1,20,26:27:01,45:39,14:20
Guillaume Calmettes,54,1,21,27:28:09,46:46,13:13
Guillaume Calmettes,54,1,22,28:28:51,47:28,12:31
Guillaume Calmettes,54,1,23,29:28:27,47:05,12:54
Guillaume Calmettes,54,1,24,30:26:35,45:12,14:47
Guillaume Calmettes,54,1,25,31:31:40,50:18,09:41
Guillaume Calmettes,54,1,26,32:30:33,49:11,10:48
Guillaume Calmettes,54,1,27,33:30:47,49:24,10:35
Guillaume Calmettes,54,1,28,34:30:55,49:32,10:27
Guillaume Calmettes,54,1,29,35:31:37,50:14,09:45
Guillaume Calmettes,54,1,30,36:32:05,50:42,09:17
Guillaume Calmettes,54,1,31,37:30:21,48:59,11:00
Guillaume Calmettes,54,1,32,38:32:40,51:18,08:41
Guillaume Calmettes,54,1,33,39:30:15,48:53,11:06
Guillaume Calmettes,54,1,34,40:33:59,52:36,07:23
Guillaume Calmettes,54,1,35,41:33:17,51:54,08:05
Guillaume Calmettes,54,1,36,42:37:00,55:37,04:22
Guillaume Calmettes,54,1,37,43:29:20,47:58,12:01
Guillaume Calmettes,54,1,38,44:28:45,47:22,12:37
Guillaume Calmettes,54,1,39,45:31:29,50:06,09:53
Guillaume Calmettes,54,1,40,46:30:37,49:14,10:45
Guillaume Calmettes,54,1,41,47:28:04,46:41,13:18
Guillaume Calmettes,54,1,42,48:30:12,48:49,11:10
Guillaume Calmettes,54,1,43,49:27:37,46:14,13:45
Guillaume Calmettes,54,1,44,50:29:38,48:15,11:44
Guillaume Calmettes,54,1,45,51:29:33,48:11,11:48
Guillaume Calmettes,54,1,46,52:27:47,46:24,13:35
Guillaume Calmettes,54,1,47,53:28:38,47:16,12:43
Guillaume Calmettes,54,1,48,54:30:30,49:07,10:52
Guillaume Calmettes,54,1,49,55:31:44,50:21,09:38
Guillaume Calmettes,54,1,50,56:35:53,54:30,05:29
Guillaume Calmettes,54,1,51,57:39:47,58:24,01:35
Guillaume Calmettes,54,1,52,58:41:04,59:42,00:17
Guillaume Calmettes,54,1,53,59:30:07,48:44,11:15
Guillaume Calmettes,54,1,54,60:34:36,53:13,06:46
Dustin Mitchell,28,2,1,7:25:13,43:51,16:08
Dustin Mitchell,28,2,2,8:28:49,47:27,12:32
Dustin Mitchell,28,2,3,9:24:28,43:05,16:54
Dustin Mitchell,28,2,4,10:25:00,43:38,16:21
Dustin Mitchell,28,2,5,11:25:15,43:53,16:06
Dustin Mitchell,28,2,6,12:24:21,42:59,17:00
Dustin Mitchell,28,2,7,13:30:00,48:37,11:22
Dustin Mitchell,28,2,8,14:29:11,47:49,12:10
Dustin Mitchell,28,2,9,15:29:25,48:03,11:56
Dustin Mitchell,28,2,10,16:30:30,49:07,10:52
Dustin Mitchell,28,2,11,17:30:11,48:49,11:10
Dustin Mitchell,28,2,12,18:30:08,48:45,11:14
Dustin Mitchell,28,2,13,19:22:20,40:58,19:01
Dustin Mitchell,28,2,14,20:24:23,43:01,16:58
Dustin Mitchell,28,2,15,21:27:00,45:37,14:22
Dustin Mitchell,28,2,16,22:30:47,49:24,10:35
Dustin Mitchell,28,2,17,23:30:16,48:53,11:06
Dustin Mitchell,28,2,18,24:25:29,44:06,15:53
Dustin Mitchell,28,2,19,25:26:55,45:33,14:26
Dustin Mitchell,28,2,20,26:23:37,42:15,17:44
Dustin Mitchell,28,2,21,27:27:50,46:27,13:32
Dustin Mitchell,28,2,22,28:28:21,46:58,13:01
Dustin Mitchell,28,2,23,29:27:55,46:33,13:26
Dustin Mitchell,28,2,24,30:30:02,48:39,11:20
Dustin Mitchell,28,2,25,31:30:57,49:34,10:25
Dustin Mitchell,28,2,26,32:35:09,53:47,06:12
Dustin Mitchell,28,2,27,33:35:53,54:30,05:29
Dustin Mitchell,28,2,28,34:33:46,52:23,07:36
Cassie Scallon,28,3,1,7:31:42,50:19,09:40
Cassie Scallon,28,3,2,8:35:26,54:03,05:56
Cassie Scallon,28,3,3,9:32:47,51:25,08:34
Cassie Scallon,28,3,4,10:35:12,53:49,06:10
Cassie Scallon,28,3,5,11:32:56,51:33,08:26
Cassie Scallon,28,3,6,12:32:41,51:19,08:40
Cassie Scallon,28,3,7,13:32:16,50:54,09:05
Cassie Scallon,28,3,8,14:33:49,52:26,07:33
Cassie Scallon,28,3,9,15:34:50,53:28,06:31
Cassie Scallon,28,3,10,16:31:25,50:02,09:57
Cassie Scallon,28,3,11,17:33:25,52:02,07:57
Cassie Scallon,28,3,12,18:31:55,50:33,09:26
Cassie Scallon,28,3,13,19:24:11,42:49,17:10
Cassie Scallon,28,3,14,20:30:19,48:56,11:03
Cassie Scallon,28,3,15,21:28:37,47:14,12:45
Cassie Scallon,28,3,16,22:26:51,45:28,14:31
Cassie Scallon,28,3,17,23:27:45,46:23,13:36
Cassie Scallon,28,3,18,24:28:41,47:18,12:41
Cassie Scallon,28,3,19,25:31:01,49:38,10:21
Cassie Scallon,28,3,20,26:29:12,47:49,12:10
Cassie Scallon,28,3,21,27:29:02,47:40,12:19
Cassie Scallon,28,3,22,28:35:35,54:13,05:46
Cassie Scallon,28,3,23,29:28:08,46:45,13:14
Cassie Scallon,28,3,24,30:30:07,48:44,11:15
Cassie Scallon,28,3,25,31:34:24,53:02,06:57
Cassie Scallon,28,3,26,32:35:42,54:19,05:40
Cassie Scallon,28,3,27,33:37:57,56:35,03:24
Cassie Scallon,28,3,28,34:27:01,45:39,14:20
Courtney Dauwalter,67,4,1,7:31:31,50:08,09:51
Courtney Dauwalter,67,4,2,8:31:27,50:04,09:55
Courtney Dauwalter,67,4,3,9:32:27,51:04,08:55
Courtney Dauwalter,67,4,4,10:32:18,50:55,09:04
Courtney Dauwalter,67,4,5,11:32:09,50:46,09:13
Courtney Dauwalter,67,4,6,12:32:58,51:35,08:24
Courtney Dauwalter,67,4,7,13:32:15,50:53,09:06
Courtney Dauwalter,67,4,8,14:31:47,50:24,09:35
Courtney Dauwalter,67,4,9,15:32:25,51:02,08:57
Courtney Dauwalter,67,4,10,16:31:24,50:01,09:58
Courtney Dauwalter,67,4,11,17:33:00,51:38,08:21
Courtney Dauwalter,67,4,12,18:31:02,49:40,10:19
Courtney Dauwalter,67,4,13,19:25:28,44:06,15:53
Courtney Dauwalter,67,4,14,20:29:49,48:26,11:33
Courtney Dauwalter,67,4,15,21:30:25,49:02,10:57
Courtney Dauwalter,67,4,16,22:31:04,49:42,10:17
Courtney Dauwalter,67,4,17,23:29:38,48:16,11:43
Courtney Dauwalter,67,4,18,24:29:24,48:01,11:58
Courtney Dauwalter,67,4,19,25:26:58,45:35,14:24
Courtney Dauwalter,67,4,20,26:29:17,47:54,12:05
Courtney Dauwalter,67,4,21,27:28:30,47:07,12:52
Courtney Dauwalter,67,4,22,28:28:02,46:39,13:20
Courtney Dauwalter,67,4,23,29:27:38,46:15,13:44
Courtney Dauwalter,67,4,24,30:26:14,44:51,15:08
Courtney Dauwalter,67,4,25,31:32:31,51:09,08:50
Courtney Dauwalter,67,4,26,32:31:11,49:48,10:11
Courtney Dauwalter,67,4,27,33:33:05,51:43,08:16
Courtney Dauwalter,67,4,28,34:31:45,50:22,09:37
Courtney Dauwalter,67,4,29,35:32:09,50:47,09:12
Courtney Dauwalter,67,4,30,36:32:06,50:43,09:16
Courtney Dauwalter,67,4,31,37:30:21,48:59,11:00
Courtney Dauwalter,67,4,32,38:33:05,51:42,08:17
Courtney Dauwalter,67,4,33,39:31:19,49:56,10:03
Courtney Dauwalter,67,4,34,40:32:40,51:17,08:42
Courtney Dauwalter,67,4,35,41:33:24,52:01,07:58
Courtney Dauwalter,67,4,36,42:31:34,50:11,09:48
Courtney Dauwalter,67,4,37,43:28:31,47:08,12:51
Courtney Dauwalter,67,4,38,44:28:45,47:23,12:36
Courtney Dauwalter,67,4,39,45:30:59,49:37,10:22
Courtney Dauwalter,67,4,40,46:29:31,48:09,11:50
Courtney Dauwalter,67,4,41,47:27:39,46:17,13:42
Courtney Dauwalter,67,4,42,48:26:48,45:25,14:34
Courtney Dauwalter,67,4,43,49:27:08,45:45,14:14
Courtney Dauwalter,67,4,44,50:27:32,46:09,13:50
Courtney Dauwalter,67,4,45,51:29:14,47:51,12:08
Courtney Dauwalter,67,4,46,52:27:50,46:27,13:32
Courtney Dauwalter,67,4,47,53:26:57,45:34,14:25
Courtney Dauwalter,67,4,48,54:28:08,46:45,13:14
Courtney Dauwalter,67,4,49,55:31:59,50:36,09:23
Courtney Dauwalter,67,4,50,56:32:30,51:07,08:52
Courtney Dauwalter,67,4,51,57:32:21,50:59,09:00
Courtney Dauwalter,67,4,52,58:32:02,50:40,09:19
Courtney Dauwalter,67,4,53,59:31:03,49:41,10:18
Courtney Dauwalter,67,4,54,60:33:33,52:11,07:48
Courtney Dauwalter,67,4,55,61:32:01,50:38,09:21
Courtney Dauwalter,67,4,56,62:31:18,49:56,10:03
Courtney Dauwalter,67,4,57,63:31:32,50:10,09:49
Courtney Dauwalter,67,4,58,64:30:44,49:22,10:37
Courtney Dauwalter,67,4,59,65:31:35,50:12,09:47
Courtney Dauwalter,67,4,60,66:32:56,51:33,08:26
Courtney Dauwalter,67,4,61,67:25:02,43:40,16:19
Courtney Dauwalter,67,4,62,68:25:36,44:14,15:45
Courtney Dauwalter,67,4,63,69:26:58,45:36,14:23
Courtney Dauwalter,67,4,64,70:25:58,44:35,15:24
Courtney Dauwalter,67,4,65,71:27:29,46:07,13:52
Courtney Dauwalter,67,4,66,72:28:17,46:54,13:05
Courtney Dauwalter,67,4,67,73:34:50,53:28,06:31
Alicia Rich,25,5,1,7:31:36,50:13,09:46
Alicia Rich,25,5,2,8:31:24,50:01,09:58
Alicia Rich,25,5,3,9:32:17,50:55,09:04
Alicia Rich,25,5,4,10:32:44,51:22,08:37
Alicia Rich,25,5,5,11:30:38,49:15,10:44
Alicia Rich,25,5,6,12:31:22,50:00,09:59
Alicia Rich,25,5,7,13:32:10,50:47,09:12
Alicia Rich,25,5,8,14:29:59,48:37,11:22
Alicia Rich,25,5,9,15:30:37,49:15,10:44
Alicia Rich,25,5,10,16:31:04,49:42,10:17
Alicia Rich,25,5,11,17:32:08,50:45,09:14
Alicia Rich,25,5,12,18:32:12,50:49,09:10
Alicia Rich,25,5,13,19:23:14,41:52,18:07
Alicia Rich,25,5,14,20:25:03,43:40,16:19
Alicia Rich,25,5,15,21:25:38,44:16,15:43
Alicia Rich,25,5,16,22:25:46,44:23,15:36
Alicia Rich,25,5,17,23:26:10,44:47,15:12
Alicia Rich,25,5,18,24:28:35,47:12,12:47
Alicia Rich,25,5,19,25:30:49,49:27,10:32
Alicia Rich,25,5,20,26:29:24,48:02,11:57
Alicia Rich,25,5,21,27:29:09,47:47,12:12
Alicia Rich,25,5,22,28:30:58,49:35,10:24
Alicia Rich,25,5,23,29:32:19,50:56,09:03
Alicia Rich,25,5,24,30:34:08,52:46,07:13
Alicia Rich,25,5,25,,,
Shawn Webber,36,6,1,7:31:31,50:09,09:50
Shawn Webber,36,6,2,8:31:43,50:20,09:39
Shawn Webber,36,6,3,9:32:45,51:22,08:37
Shawn Webber,36,6,4,10:33:00,51:37,08:22
Shawn Webber,36,6,5,11:34:00,52:37,07:22
Shawn Webber,36,6,6,12:33:23,52:00,07:59
Shawn Webber,36,6,7,13:33:23,52:01,07:58
Shawn Webber,36,6,8,14:34:06,52:43,07:16
Shawn Webber,36,6,9,15:30:46,49:23,10:36
Shawn Webber,36,6,10,16:30:32,49:09,10:50
Shawn Webber,36,6,11,17:30:34,49:11,10:48
Shawn Webber,36,6,12,18:31:40,50:18,09:41
Shawn Webber,36,6,13,19:25:07,43:44,16:15
Shawn Webber,36,6,14,20:24:51,43:29,16:30
Shawn Webber,36,6,15,21:26:25,45:02,14:57
Shawn Webber,36,6,16,22:24:33,43:11,16:48
Shawn Webber,36,6,17,23:24:51,43:29,16:30
Shawn Webber,36,6,18,24:21:47,40:24,19:35
Shawn Webber,36,6,19,25:26:04,44:41,15:18
Shawn Webber,36,6,20,26:25:26,44:03,15:56
Shawn Webber,36,6,21,27:22:04,40:41,19:18
Shawn Webber,36,6,22,28:27:47,46:24,13:35
Shawn Webber,36,6,23,29:26:34,45:12,14:47
Shawn Webber,36,6,24,30:24:57,43:34,16:25
Shawn Webber,36,6,25,31:31:23,50:00,09:59
Shawn Webber,36,6,26,32:30:32,49:09,10:50
Shawn Webber,36,6,27,33:30:15,48:53,11:06
Shawn Webber,36,6,28,34:31:59,50:36,09:23
Shawn Webber,36,6,29,35:33:25,52:02,07:57
Shawn Webber,36,6,30,36:34:13,52:51,07:08
Shawn Webber,36,6,31,37:35:01,53:39,06:20
Shawn Webber,36,6,32,38:36:01,54:39,05:20
Shawn Webber,36,6,33,39:35:01,53:38,06:21
Shawn Webber,36,6,34,40:35:09,53:47,06:12
Shawn Webber,36,6,35,41:35:23,54:01,05:58
Shawn Webber,36,6,36,42:36:53,55:31,04:28
David Lantz,20,7,1,7:31:42,50:20,09:39
David Lantz,20,7,2,8:32:32,51:10,08:49
David Lantz,20,7,3,9:35:41,54:18,05:41
David Lantz,20,7,4,10:32:51,51:29,08:30
David Lantz,20,7,5,11:31:58,50:35,09:24
David Lantz,20,7,6,12:31:45,50:22,09:37
David Lantz,20,7,7,13:30:30,49:07,10:52
David Lantz,20,7,8,14:31:14,49:51,10:08
David Lantz,20,7,9,15:31:18,49:55,10:04
David Lantz,20,7,10,16:30:42,49:19,10:40
David Lantz,20,7,11,17:30:51,49:28,10:31
David Lantz,20,7,12,18:32:39,51:17,08:42
David Lantz,20,7,13,19:24:13,42:51,17:08
David Lantz,20,7,14,20:25:20,43:57,16:02
David Lantz,20,7,15,21:25:17,43:55,16:04
David Lantz,20,7,16,22:24:32,43:10,16:49
David Lantz,20,7,17,23:25:23,44:01,15:58
David Lantz,20,7,18,24:26:22,44:59,15:00
David Lantz,20,7,19,25:29:33,48:11,11:48
David Lantz,20,7,20,26:37:13,55:51,04:08
Brian Grant,18,8,1,7:31:46,50:23,09:36
Brian Grant,18,8,2,8:32:28,51:05,08:54
Brian Grant,18,8,3,9:33:20,51:58,08:01
Brian Grant,18,8,4,10:30:24,49:01,10:58
Brian Grant,18,8,5,11:34:10,52:47,07:12
Brian Grant,18,8,6,12:35:53,54:30,05:29
Brian Grant,18,8,7,13:33:57,52:34,07:25
Brian Grant,18,8,8,14:34:07,52:45,07:14
Brian Grant,18,8,9,15:34:52,53:30,06:29
Brian Grant,18,8,10,16:23:23,42:00,17:59
Brian Grant,18,8,11,17:31:15,49:52,10:07
Brian Grant,18,8,12,18:32:02,50:40,09:19
Brian Grant,18,8,13,19:25:24,44:02,15:57
Brian Grant,18,8,14,20:22:01,40:38,19:21
Brian Grant,18,8,15,21:19:00,37:37,22:22
Brian Grant,18,8,16,22:18:39,37:16,22:43
Brian Grant,18,8,17,23:23:33,42:10,17:49
Brian Grant,18,8,18,24:30:54,49:31,10:28
Jerry Hughes,22,9,1,7:30:32,49:10,10:49
Jerry Hughes,22,9,2,8:29:07,47:44,12:15
Jerry Hughes,22,9,3,9:30:14,48:51,11:08
Jerry Hughes,22,9,4,10:29:59,48:36,11:23
Jerry Hughes,22,9,5,11:29:25,48:03,11:56
Jerry Hughes,22,9,6,12:29:14,47:52,12:07
Jerry Hughes,22,9,7,13:29:20,47:57,12:02
Jerry Hughes,22,9,8,14:29:21,47:59,12:00
Jerry Hughes,22,9,9,15:29:31,48:09,11:50
Jerry Hughes,22,9,10,16:29:41,48:18,11:41
Jerry Hughes,22,9,11,17:28:35,47:13,12:46
Jerry Hughes,22,9,12,18:29:14,47:52,12:07
Jerry Hughes,22,9,13,19:23:57,42:35,17:24
Jerry Hughes,22,9,14,20:22:58,41:36,18:23
Jerry Hughes,22,9,15,21:24:10,42:47,17:12
Jerry Hughes,22,9,16,22:23:31,42:08,17:51
Jerry Hughes,22,9,17,23:24:09,42:47,17:12
Jerry Hughes,22,9,18,24:24:26,43:04,16:55
Jerry Hughes,22,9,19,25:25:32,44:09,15:50
Jerry Hughes,22,9,20,26:26:17,44:55,15:04
Jerry Hughes,22,9,21,27:28:03,46:40,13:19
Jerry Hughes,22,9,22,28:33:38,52:15,07:44
Marylou Corino,18,10,1,7:33:37,52:15,07:44
Marylou Corino,18,10,2,8:35:15,53:53,06:06
Marylou Corino,18,10,3,9:35:23,54:01,05:58
Marylou Corino,18,10,4,10:34:32,53:09,06:50
Marylou Corino,18,10,5,11:35:19,53:57,06:02
Marylou Corino,18,10,6,12:34:03,52:40,07:19
Marylou Corino,18,10,7,13:33:57,52:34,07:25
Marylou Corino,18,10,8,14:33:52,52:30,07:29
Marylou Corino,18,10,9,15:34:55,53:32,06:27
Marylou Corino,18,10,10,16:33:50,52:28,07:31
Marylou Corino,18,10,11,17:34:53,53:31,06:28
Marylou Corino,18,10,12,18:36:44,55:21,04:38
Marylou Corino,18,10,13,19:28:54,47:32,12:27
Marylou Corino,18,10,14,20:32:05,50:43,09:16
Marylou Corino,18,10,15,21:36:40,55:18,04:41
Marylou Corino,18,10,16,22:30:42,49:19,10:40
Marylou Corino,18,10,17,23:37:14,55:52,04:07
Marylou Corino,18,10,18,24:38:39,57:17,02:42
Jasmine Chiaramonte,27,11,1,7:31:36,50:13,09:46
Jasmine Chiaramonte,27,11,2,8:31:26,50:03,09:56
Jasmine Chiaramonte,27,11,3,9:32:26,51:03,08:56
Jasmine Chiaramonte,27,11,4,10:33:06,51:43,08:16
Jasmine Chiaramonte,27,11,5,11:32:57,51:35,08:24
Jasmine Chiaramonte,27,11,6,12:32:47,51:24,08:35
Jasmine Chiaramonte,27,11,7,13:32:29,51:07,08:52
Jasmine Chiaramonte,27,11,8,14:31:55,50:33,09:26
Jasmine Chiaramonte,27,11,9,15:32:47,51:25,08:34
Jasmine Chiaramonte,27,11,10,16:31:34,50:11,09:48
Jasmine Chiaramonte,27,11,11,17:33:07,51:45,08:14
Jasmine Chiaramonte,27,11,12,18:33:00,51:38,08:21
Jasmine Chiaramonte,27,11,13,19:25:16,43:53,16:06
Jasmine Chiaramonte,27,11,14,20:28:00,46:38,13:21
Jasmine Chiaramonte,27,11,15,21:28:33,47:10,12:49
Jasmine Chiaramonte,27,11,16,22:29:40,48:18,11:41
Jasmine Chiaramonte,27,11,17,23:29:21,47:59,12:00
Jasmine Chiaramonte,27,11,18,24:28:56,47:34,12:25
Jasmine Chiaramonte,27,11,19,25:27:40,46:18,13:41
Jasmine Chiaramonte,27,11,20,26:30:14,48:51,11:08
Jasmine Chiaramonte,27,11,21,27:30:54,49:31,10:28
Jasmine Chiaramonte,27,11,22,28:30:34,49:12,10:47
Jasmine Chiaramonte,27,11,23,29:30:28,49:05,10:54
Jasmine Chiaramonte,27,11,24,30:31:37,50:15,09:44
Jasmine Chiaramonte,27,11,25,31:34:42,53:19,06:40
Jasmine Chiaramonte,27,11,26,32:32:40,51:17,08:42
Jasmine Chiaramonte,27,11,27,33:37:14,55:51,04:08
Maggie Guterl,44,13,1,7:31:30,50:08,09:51
Maggie Guterl,44,13,2,8:31:24,50:02,09:57
Maggie Guterl,44,13,3,9:32:26,51:03,08:56
Maggie Guterl,44,13,4,10:32:11,50:48,09:11
Maggie Guterl,44,13,5,11:32:20,50:58,09:01
Maggie Guterl,44,13,6,12:32:31,51:09,08:50
Maggie Guterl,44,13,7,13:32:24,51:01,08:58
Maggie Guterl,44,13,8,14:31:45,50:22,09:37
Maggie Guterl,44,13,9,15:32:24,51:01,08:58
Maggie Guterl,44,13,10,16:31:24,50:01,09:58
Maggie Guterl,44,13,11,17:32:55,51:33,08:26
Maggie Guterl,44,13,12,18:31:37,50:14,09:45
Maggie Guterl,44,13,13,19:24:47,43:24,16:35
Maggie Guterl,44,13,14,20:28:51,47:28,12:31
Maggie Guterl,44,13,15,21:30:16,48:53,11:06
Maggie Guterl,44,13,16,22:31:36,50:13,09:46
Maggie Guterl,44,13,17,23:29:39,48:16,11:43
Maggie Guterl,44,13,18,24:28:41,47:19,12:40
Maggie Guterl,44,13,19,25:27:41,46:19,13:40
Maggie Guterl,44,13,20,26:31:44,50:22,09:37
Maggie Guterl,44,13,21,27:29:21,47:59,12:00
Maggie Guterl,44,13,22,28:28:51,47:28,12:31
Maggie Guterl,44,13,23,29:27:33,46:10,13:49
Maggie Guterl,44,13,24,30:25:00,43:38,16:21
Maggie Guterl,44,13,25,31:32:30,51:07,08:52
Maggie Guterl,44,13,26,32:31:10,49:47,10:12
Maggie Guterl,44,13,27,33:33:04,51:41,08:18
Maggie Guterl,44,13,28,34:31:45,50:22,09:37
Maggie Guterl,44,13,29,35:32:09,50:46,09:13
Maggie Guterl,44,13,30,36:32:05,50:43,09:16
Maggie Guterl,44,13,31,37:30:21,48:58,11:01
Maggie Guterl,44,13,32,38:33:05,51:43,08:16
Maggie Guterl,44,13,33,39:31:20,49:58,10:01
Maggie Guterl,44,13,34,40:32:38,51:16,08:43
Maggie Guterl,44,13,35,41:33:19,51:56,08:03
Maggie Guterl,44,13,36,42:34:50,53:27,06:32
Maggie Guterl,44,13,37,43:28:31,47:09,12:50
Maggie Guterl,44,13,38,44:29:12,47:50,12:09
Maggie Guterl,44,13,39,45:30:38,49:15,10:44
Maggie Guterl,44,13,40,46:30:36,49:13,10:46
Maggie Guterl,44,13,41,47:30:10,48:48,11:11
Maggie Guterl,44,13,42,48:35:59,54:36,05:23
Maggie Guterl,44,13,43,49:29:13,47:50,12:09
Maggie Guterl,44,13,44,50:31:21,49:58,10:01
Heidi Kumm,8,14,1,7:39:14,57:51,02:08
Heidi Kumm,8,14,2,8:38:20,56:58,03:01
Heidi Kumm,8,14,3,9:39:21,57:59,02:00
Heidi Kumm,8,14,4,10:38:57,57:35,02:24
Heidi Kumm,8,14,5,11:39:52,58:29,01:30
Heidi Kumm,8,14,6,12:40:01,58:39,01:20
Heidi Kumm,8,14,7,13:39:49,58:27,01:32
Heidi Kumm,8,14,8,14:40:01,58:38,01:21
Andres Villagran,38,15,1,7:31:04,49:41,10:18
Andres Villagran,38,15,2,8:30:22,48:59,11:00
Andres Villagran,38,15,3,9:32:22,51:00,08:59
Andres Villagran,38,15,4,10:32:13,50:50,09:09
Andres Villagran,38,15,5,11:30:19,48:57,11:02
Andres Villagran,38,15,6,12:21:03,39:40,20:19
Andres Villagran,38,15,7,13:30:23,49:00,10:59
Andres Villagran,38,15,8,14:30:35,49:12,10:47
Andres Villagran,38,15,9,15:32:23,51:01,08:58
Andres Villagran,38,15,10,16:27:48,46:25,13:34
Andres Villagran,38,15,11,17:27:04,45:41,14:18
Andres Villagran,38,15,12,18:27:30,46:07,13:52
Andres Villagran,38,15,13,19:21:40,40:17,19:42
Andres Villagran,38,15,14,20:21:10,39:47,20:12
Andres Villagran,38,15,15,21:21:38,40:15,19:44
Andres Villagran,38,15,16,22:21:45,40:22,19:37
Andres Villagran,38,15,17,23:20:43,39:20,20:39
Andres Villagran,38,15,18,24:22:07,40:45,19:14
Andres Villagran,38,15,19,25:20:30,39:07,20:52
Andres Villagran,38,15,20,26:25:26,44:03,15:56
Andres Villagran,38,15,21,27:24:56,43:34,16:25
Andres Villagran,38,15,22,28:24:07,42:44,17:15
Andres Villagran,38,15,23,29:24:35,43:12,16:47
Andres Villagran,38,15,24,30:22:31,41:09,18:50
Andres Villagran,38,15,25,31:28:56,47:34,12:25
Andres Villagran,38,15,26,32:28:24,47:02,12:57
Andres Villagran,38,15,27,33:30:02,48:40,11:19
Andres Villagran,38,15,28,34:31:47,50:25,09:34
Andres Villagran,38,15,29,35:32:13,50:51,09:08
Andres Villagran,38,15,30,36:33:10,51:47,08:12
Andres Villagran,38,15,31,37:34:51,53:28,06:31
Andres Villagran,38,15,32,38:34:45,53:23,06:36
Andres Villagran,38,15,33,39:33:28,52:05,07:54
Andres Villagran,38,15,34,40:33:55,52:33,07:26
Andres Villagran,38,15,35,41:34:22,52:59,07:00
Andres Villagran,38,15,36,42:36:12,54:50,05:09
Andres Villagran,38,15,37,43:32:12,50:50,09:09
Andres Villagran,38,15,38,44:32:47,51:24,08:35
Nikolay Nachev,19,16,1,7:31:44,50:21,09:38
Nikolay Nachev,19,16,2,8:31:08,49:45,10:14
Nikolay Nachev,19,16,3,9:31:54,50:32,09:27
Nikolay Nachev,19,16,4,10:31:47,50:25,09:34
Nikolay Nachev,19,16,5,11:33:50,52:27,07:32
Nikolay Nachev,19,16,6,12:38:50,57:28,02:31
Nikolay Nachev,19,16,7,13:37:23,56:00,03:59
Nikolay Nachev,19,16,8,14:36:28,55:06,04:53
Nikolay Nachev,19,16,9,15:37:29,56:07,03:52
Nikolay Nachev,19,16,10,16:37:46,56:23,03:36
Nikolay Nachev,19,16,11,17:35:36,54:13,05:46
Nikolay Nachev,19,16,12,18:34:40,53:17,06:42
Nikolay Nachev,19,16,13,19:35:35,54:13,05:46
Nikolay Nachev,19,16,14,20:31:54,50:32,09:27
Nikolay Nachev,19,16,15,21:30:16,48:53,11:06
Nikolay Nachev,19,16,16,22:26:54,45:31,14:28
Nikolay Nachev,19,16,17,23:36:30,55:07,04:52
Nikolay Nachev,19,16,18,24:36:53,55:30,04:29
Nikolay Nachev,19,16,19,25:37:54,56:31,03:28
Terri Biloski,6,17,1,7:37:57,56:34,03:25
Terri Biloski,6,17,2,8:34:35,53:12,06:47
Terri Biloski,6,17,3,9:35:24,54:02,05:57
Terri Biloski,6,17,4,10:36:39,55:16,04:43
Terri Biloski,6,17,5,11:39:23,58:00,01:59
Terri Biloski,6,17,6,12:39:34,58:11,01:48
Marc Laveson,15,18,1,7:31:37,50:14,09:45
Marc Laveson,15,18,2,8:31:22,49:59,10:00
Marc Laveson,15,18,3,9:32:27,51:05,08:54
Marc Laveson,15,18,4,10:32:05,50:42,09:17
Marc Laveson,15,18,5,11:30:25,49:02,10:57
Marc Laveson,15,18,6,12:31:24,50:01,09:58
Marc Laveson,15,18,7,13:32:10,50:47,09:12
Marc Laveson,15,18,8,14:31:04,49:41,10:18
Marc Laveson,15,18,9,15:31:17,49:54,10:05
Marc Laveson,15,18,10,16:32:49,51:26,08:33
Marc Laveson,15,18,11,17:32:32,51:10,08:49
Marc Laveson,15,18,12,18:30:07,48:45,11:14
Marc Laveson,15,18,13,19:28:45,47:23,12:36
Marc Laveson,15,18,14,20:37:40,56:18,03:41
Marc Laveson,15,18,15,21:41:13,59:50,00:09
Kat Schuller,24,19,1,7:31:07,49:44,10:15
Kat Schuller,24,19,2,8:30:32,49:09,10:50
Kat Schuller,24,19,3,9:31:11,49:49,10:10
Kat Schuller,24,19,4,10:31:17,49:54,10:05
Kat Schuller,24,19,5,11:30:23,49:01,10:58
Kat Schuller,24,19,6,12:29:46,48:24,11:35
Kat Schuller,24,19,7,13:29:53,48:30,11:29
Kat Schuller,24,19,8,14:29:59,48:37,11:22
Kat Schuller,24,19,9,15:30:33,49:10,10:49
Kat Schuller,24,19,10,16:30:29,49:06,10:53
Kat Schuller,24,19,11,17:30:14,48:51,11:08
Kat Schuller,24,19,12,18:31:15,49:52,10:07
Kat Schuller,24,19,13,19:21:14,39:52,20:07
Kat Schuller,24,19,14,20:23:06,41:43,18:16
Kat Schuller,24,19,15,21:27:46,46:24,13:35
Kat Schuller,24,19,16,22:22:47,41:25,18:34
Kat Schuller,24,19,17,23:23:59,42:37,17:22
Kat Schuller,24,19,18,24:23:04,41:42,18:17
Kat Schuller,24,19,19,25:24:21,42:59,17:00
Kat Schuller,24,19,20,26:22:49,41:26,18:33
Kat Schuller,24,19,21,27:24:08,42:45,17:14
Kat Schuller,24,19,22,28:27:57,46:35,13:24
Kat Schuller,24,19,23,29:26:04,44:41,15:18
Kat Schuller,24,19,24,30:29:06,47:43,12:16
Regina Sooey,11,20,1,7:35:08,53:46,06:13
Regina Sooey,11,20,2,8:29:39,48:17,11:42
Regina Sooey,11,20,3,9:29:28,48:06,11:53
Regina Sooey,11,20,4,10:28:33,47:11,12:48
Regina Sooey,11,20,5,11:29:25,48:02,11:57
Regina Sooey,11,20,6,12:31:50,50:27,09:32
Regina Sooey,11,20,7,13:32:37,51:14,08:45
Regina Sooey,11,20,8,14:33:17,51:54,08:05
Regina Sooey,11,20,9,15:32:46,51:24,08:35
Regina Sooey,11,20,10,16:33:28,52:06,07:53
Regina Sooey,11,20,11,17:35:47,54:25,05:34
Andy Pearson,30,21,1,7:31:38,50:16,09:43
Andy Pearson,30,21,2,8:31:22,49:59,10:00
Andy Pearson,30,21,3,9:32:22,51:00,08:59
Andy Pearson,30,21,4,10:32:44,51:21,08:38
Andy Pearson,30,21,5,11:30:23,49:00,10:59
Andy Pearson,30,21,6,12:31:23,50:00,09:59
Andy Pearson,30,21,7,13:30:23,49:00,10:59
Andy Pearson,30,21,8,14:30:33,49:10,10:49
Andy Pearson,30,21,9,15:31:11,49:48,10:11
Andy Pearson,30,21,10,16:30:28,49:06,10:53
Andy Pearson,30,21,11,17:30:34,49:11,10:48
Andy Pearson,30,21,12,18:31:39,50:17,09:42
Andy Pearson,30,21,13,19:22:39,41:17,18:42
Andy Pearson,30,21,14,20:24:47,43:24,16:35
Andy Pearson,30,21,15,21:24:45,43:22,16:37
Andy Pearson,30,21,16,22:24:18,42:56,17:03
Andy Pearson,30,21,17,23:23:57,42:34,17:25
Andy Pearson,30,21,18,24:24:28,43:05,16:54
Andy Pearson,30,21,19,25:24:15,42:52,17:07
Andy Pearson,30,21,20,26:24:09,42:46,17:13
Andy Pearson,30,21,21,27:25:53,44:30,15:29
Andy Pearson,30,21,22,28:29:29,48:07,11:52
Andy Pearson,30,21,23,29:27:14,45:52,14:07
Andy Pearson,30,21,24,30:28:58,47:35,12:24
Andy Pearson,30,21,25,31:33:46,52:24,07:35
Andy Pearson,30,21,26,32:34:44,53:22,06:37
Andy Pearson,30,21,27,33:33:30,52:08,07:51
Andy Pearson,30,21,28,34:32:40,51:17,08:42
Andy Pearson,30,21,29,35:33:55,52:32,07:27
Andy Pearson,30,21,30,36:35:40,54:17,05:42
Jeremy Kaiding,15,22,1,7:31:29,50:06,09:53
Jeremy Kaiding,15,22,2,8:30:39,49:17,10:42
Jeremy Kaiding,15,22,3,9:32:38,51:16,08:43
Jeremy Kaiding,15,22,4,10:32:18,50:55,09:04
Jeremy Kaiding,15,22,5,11:31:54,50:32,09:27
Jeremy Kaiding,15,22,6,12:31:52,50:30,09:29
Jeremy Kaiding,15,22,7,13:32:18,50:56,09:03
Jeremy Kaiding,15,22,8,14:33:04,51:42,08:17
Jeremy Kaiding,15,22,9,15:32:34,51:12,08:47
Jeremy Kaiding,15,22,10,16:31:27,50:04,09:55
Jeremy Kaiding,15,22,11,17:30:41,49:18,10:41
Jeremy Kaiding,15,22,12,18:31:15,49:53,10:06
Jeremy Kaiding,15,22,13,19:28:24,47:02,12:57
Jeremy Kaiding,15,22,14,20:30:29,49:06,10:53
Jeremy Kaiding,15,22,15,21:32:44,51:22,08:37
Kelly Hutchins,13,23,1,7:31:19,49:57,10:02
Kelly Hutchins,13,23,2,8:30:34,49:12,10:47
Kelly Hutchins,13,23,3,9:25:30,44:08,15:51
Kelly Hutchins,13,23,4,10:31:51,50:28,09:31
Kelly Hutchins,13,23,5,11:30:25,49:02,10:57
Kelly Hutchins,13,23,6,12:29:48,48:26,11:33
Kelly Hutchins,13,23,7,13:30:24,49:02,10:57
Kelly Hutchins,13,23,8,14:30:53,49:31,10:28
Kelly Hutchins,13,23,9,15:24:27,43:04,16:55
Kelly Hutchins,13,23,10,16:30:31,49:09,10:50
Kelly Hutchins,13,23,11,17:30:20,48:57,11:02
Kelly Hutchins,13,23,12,18:30:09,48:46,11:13
Kelly Hutchins,13,23,13,19:19:42,38:20,21:39
Joe Fejes,44,24,1,7:38:28,57:05,02:54
Joe Fejes,44,24,2,8:35:11,53:49,06:10
Joe Fejes,44,24,3,9:35:09,53:46,06:13
Joe Fejes,44,24,4,10:34:30,53:08,06:51
Joe Fejes,44,24,5,11:35:21,53:58,06:01
Joe Fejes,44,24,6,12:35:59,54:36,05:23
Joe Fejes,44,24,7,13:37:08,55:46,04:13
Joe Fejes,44,24,8,14:36:00,54:37,05:22
Joe Fejes,44,24,9,15:36:16,54:53,05:06
Joe Fejes,44,24,10,16:36:32,55:09,04:50
Joe Fejes,44,24,11,17:36:52,55:30,04:29
Joe Fejes,44,24,12,18:38:12,56:50,03:09
Joe Fejes,44,24,13,19:26:14,44:51,15:08
Joe Fejes,44,24,14,20:31:04,49:41,10:18
Joe Fejes,44,24,15,21:28:59,47:36,12:23
Joe Fejes,44,24,16,22:27:54,46:31,13:28
Joe Fejes,44,24,17,23:35:19,53:56,06:03
Joe Fejes,44,24,18,24:29:58,48:36,11:23
Joe Fejes,44,24,19,25:29:03,47:40,12:19
Joe Fejes,44,24,20,26:34:02,52:39,07:20
Joe Fejes,44,24,21,27:18:37,37:15,22:44
Joe Fejes,44,24,22,28:28:30,47:08,12:51
Joe Fejes,44,24,23,29:25:48,44:26,15:33
Joe Fejes,44,24,24,30:23:53,42:30,17:29
Joe Fejes,44,24,25,31:33:56,52:33,07:26
Joe Fejes,44,24,26,32:28:18,46:55,13:04
Joe Fejes,44,24,27,33:34:55,53:33,06:26
Joe Fejes,44,24,28,34:34:36,53:14,06:45
Joe Fejes,44,24,29,35:30:19,48:56,11:03
Joe Fejes,44,24,30,36:35:43,54:20,05:39
Joe Fejes,44,24,31,37:29:00,47:37,12:22
Joe Fejes,44,24,32,38:31:20,49:57,10:02
Joe Fejes,44,24,33,39:29:06,47:43,12:16
Joe Fejes,44,24,34,40:33:40,52:18,07:41
Joe Fejes,44,24,35,41:34:56,53:33,06:26
Joe Fejes,44,24,36,42:37:10,55:47,04:12
Joe Fejes,44,24,37,43:27:44,46:21,13:38
Joe Fejes,44,24,38,44:28:38,47:15,12:44
Joe Fejes,44,24,39,45:30:57,49:34,10:25
Joe Fejes,44,24,40,46:29:28,48:05,11:54
Joe Fejes,44,24,41,47:30:14,48:52,11:07
Joe Fejes,44,24,42,48:20:38,39:16,20:43
Joe Fejes,44,24,43,49:27:47,46:24,13:35
Joe Fejes,44,24,44,50:31:24,50:02,09:57
Johan Steene,68,25,1,7:30:30,49:08,10:51
Johan Steene,68,25,2,8:27:43,46:20,13:39
Johan Steene,68,25,3,9:32:30,51:08,08:51
Johan Steene,68,25,4,10:32:00,50:37,09:22
Johan Steene,68,25,5,11:30:26,49:03,10:56
Johan Steene,68,25,6,12:32:57,51:34,08:25
Johan Steene,68,25,7,13:30:26,49:03,10:56
Johan Steene,68,25,8,14:31:45,50:23,09:36
Johan Steene,68,25,9,15:37:39,56:17,03:42
Johan Steene,68,25,10,16:31:27,50:04,09:55
Johan Steene,68,25,11,17:27:21,45:59,14:00
Johan Steene,68,25,12,18:30:07,48:45,11:14
Johan Steene,68,25,13,19:23:14,41:52,18:07
Johan Steene,68,25,14,20:25:31,44:09,15:50
Johan Steene,68,25,15,21:25:13,43:51,16:08
Johan Steene,68,25,16,22:26:49,45:27,14:32
Johan Steene,68,25,17,23:25:47,44:24,15:35
Johan Steene,68,25,18,24:27:33,46:10,13:49
Johan Steene,68,25,19,25:27:31,46:09,13:50
Johan Steene,68,25,20,26:28:27,47:04,12:55
Johan Steene,68,25,21,27:26:11,44:48,15:11
Johan Steene,68,25,22,28:27:15,45:53,14:06
Johan Steene,68,25,23,29:28:13,46:51,13:08
Johan Steene,68,25,24,30:26:50,45:28,14:31
Johan Steene,68,25,25,31:32:39,51:16,08:43
Johan Steene,68,25,26,32:31:18,49:55,10:04
Johan Steene,68,25,27,33:30:04,48:42,11:17
Johan Steene,68,25,28,34:31:00,49:38,10:21
Johan Steene,68,25,29,35:30:18,48:55,11:04
Johan Steene,68,25,30,36:34:00,52:37,07:22
Johan Steene,68,25,31,37:32:50,51:27,08:32
Johan Steene,68,25,32,38:32:45,51:22,08:37
Johan Steene,68,25,33,39:32:31,51:09,08:50
Johan Steene,68,25,34,40:33:11,51:48,08:11
Johan Steene,68,25,35,41:33:24,52:01,07:58
Johan Steene,68,25,36,42:35:38,54:15,05:44
Johan Steene,68,25,37,43:31:47,50:25,09:34
Johan Steene,68,25,38,44:32:28,51:06,08:53
Johan Steene,68,25,39,45:30:40,49:18,10:41
Johan Steene,68,25,40,46:29:39,48:17,11:42
Johan Steene,68,25,41,47:30:27,49:04,10:55
Johan Steene,68,25,42,48:30:50,49:27,10:32
Johan Steene,68,25,43,49:29:14,47:51,12:08
Johan Steene,68,25,44,50:32:42,51:19,08:40
Johan Steene,68,25,45,51:29:15,47:53,12:06
Johan Steene,68,25,46,52:28:18,46:55,13:04
Johan Steene,68,25,47,53:26:33,45:10,14:49
Johan Steene,68,25,48,54:30:10,48:47,11:12
Johan Steene,68,25,49,55:33:00,51:37,08:22
Johan Steene,68,25,50,56:35:02,53:39,06:20
Johan Steene,68,25,51,57:32:22,50:59,09:00
Johan Steene,68,25,52,58:34:19,52:57,07:02
Johan Steene,68,25,53,59:33:27,52:04,07:55
Johan Steene,68,25,54,60:33:35,52:12,07:47
Johan Steene,68,25,55,61:33:47,52:25,07:34
Johan Steene,68,25,56,62:34:40,53:17,06:42
Johan Steene,68,25,57,63:28:00,46:38,13:21
Johan Steene,68,25,58,64:32:41,51:18,08:41
Johan Steene,68,25,59,65:32:42,51:19,08:40
Johan Steene,68,25,60,66:35:14,53:51,06:08
Johan Steene,68,25,61,67:25:25,44:02,15:57
Johan Steene,68,25,62,68:25:38,44:15,15:44
Johan Steene,68,25,63,69:26:50,45:27,14:32
Johan Steene,68,25,64,70:27:45,46:23,13:36
Johan Steene,68,25,65,71:26:18,44:56,15:03
Johan Steene,68,25,66,72:25:32,44:09,15:50
Johan Steene,68,25,67,73:24:33,43:10,16:49
Johan Steene,68,25,68,74:29:57,48:35,11:24
Daryl Flacks,24,26,1,7:33:19,51:57,08:02
Daryl Flacks,24,26,2,8:32:33,51:10,08:49
Daryl Flacks,24,26,3,9:34:56,53:34,06:25
Daryl Flacks,24,26,4,10:32:54,51:31,08:28
Daryl Flacks,24,26,5,11:33:15,51:52,08:07
Daryl Flacks,24,26,6,12:31:52,50:29,09:30
Daryl Flacks,24,26,7,13:32:37,51:15,08:44
Daryl Flacks,24,26,8,14:31:58,50:35,09:24
Daryl Flacks,24,26,9,15:32:48,51:26,08:33
Daryl Flacks,24,26,10,16:35:39,54:17,05:42
Daryl Flacks,24,26,11,17:35:11,53:48,06:11
Daryl Flacks,24,26,12,18:35:21,53:58,06:01
Daryl Flacks,24,26,13,19:25:39,44:16,15:43
Daryl Flacks,24,26,14,20:30:25,49:02,10:57
Daryl Flacks,24,26,15,21:30:25,49:03,10:56
Daryl Flacks,24,26,16,22:32:53,51:30,08:29
Daryl Flacks,24,26,17,23:26:29,45:07,14:52
Daryl Flacks,24,26,18,24:32:11,50:49,09:10
Daryl Flacks,24,26,19,25:33:21,51:59,08:00
Daryl Flacks,24,26,20,26:33:46,52:23,07:36
Daryl Flacks,24,26,21,27:32:29,51:06,08:53
Daryl Flacks,24,26,22,28:35:02,53:39,06:20
Daryl Flacks,24,26,23,29:34:04,52:41,07:18
Daryl Flacks,24,26,24,30:36:15,54:52,05:07
Erika Boody,11,27,1,7:31:45,50:23,09:36
Erika Boody,11,27,2,8:32:27,51:05,08:54
Erika Boody,11,27,3,9:32:15,50:52,09:07
Erika Boody,11,27,4,10:34:36,53:14,06:45
Erika Boody,11,27,5,11:34:10,52:48,07:11
Erika Boody,11,27,6,12:35:54,54:31,05:28
Erika Boody,11,27,7,13:33:56,52:34,07:25
Erika Boody,11,27,8,14:34:09,52:46,07:13
Erika Boody,11,27,9,15:35:34,54:11,05:48
Erika Boody,11,27,10,16:36:26,55:03,04:56
Erika Boody,11,27,11,17:35:13,53:50,06:09
David Johnston,43,28,1,7:34:21,52:59,07:00
David Johnston,43,28,2,8:35:44,54:21,05:38
David Johnston,43,28,3,9:36:22,54:59,05:00
David Johnston,43,28,4,10:35:29,54:07,05:52
David Johnston,43,28,5,11:36:07,54:45,05:14
David Johnston,43,28,6,12:34:43,53:20,06:39
David Johnston,43,28,7,13:34:45,53:22,06:37
David Johnston,43,28,8,14:34:07,52:44,07:15
David Johnston,43,28,9,15:34:55,53:33,06:26
David Johnston,43,28,10,16:33:49,52:26,07:33
David Johnston,43,28,11,17:33:59,52:36,07:23
David Johnston,43,28,12,18:31:53,50:31,09:28
David Johnston,43,28,13,19:23:11,41:48,18:11
David Johnston,43,28,14,20:28:27,47:04,12:55
David Johnston,43,28,15,21:30:02,48:40,11:19
David Johnston,43,28,16,22:26:50,45:27,14:32
David Johnston,43,28,17,23:28:14,46:52,13:07
David Johnston,43,28,18,24:29:03,47:40,12:19
David Johnston,43,28,19,25:29:31,48:09,11:50
David Johnston,43,28,20,26:30:32,49:09,10:50
David Johnston,43,28,21,27:29:36,48:13,11:46
David Johnston,43,28,22,28:30:14,48:52,11:07
David Johnston,43,28,23,29:27:03,45:40,14:19
David Johnston,43,28,24,30:30:38,49:15,10:44
David Johnston,43,28,25,31:33:31,52:08,07:51
David Johnston,43,28,26,32:31:37,50:15,09:44
David Johnston,43,28,27,33:34:06,52:44,07:15
David Johnston,43,28,28,34:34:31,53:08,06:51
David Johnston,43,28,29,35:33:50,52:28,07:31
David Johnston,43,28,30,36:34:30,53:07,06:52
David Johnston,43,28,31,37:34:23,53:01,06:58
David Johnston,43,28,32,38:36:05,54:43,05:16
David Johnston,43,28,33,39:35:03,53:41,06:18
David Johnston,43,28,34,40:35:35,54:12,05:47
David Johnston,43,28,35,41:35:25,54:03,05:56
David Johnston,43,28,36,42:37:27,56:04,03:55
David Johnston,43,28,37,43:27:41,46:19,13:40
David Johnston,43,28,38,44:28:36,47:13,12:46
David Johnston,43,28,39,45:30:54,49:32,10:27
David Johnston,43,28,40,46:31:11,49:48,10:11
David Johnston,43,28,41,47:32:55,51:32,08:27
David Johnston,43,28,42,48:35:22,53:59,06:00
David Johnston,43,28,43,49:32:30,51:08,08:51
Slade McCormick,30,29,1,7:32:41,51:19,08:40
Slade McCormick,30,29,2,8:32:33,51:11,08:48
Slade McCormick,30,29,3,9:35:22,53:59,06:00
Slade McCormick,30,29,4,10:34:34,53:11,06:48
Slade McCormick,30,29,5,11:35:22,53:59,06:00
Slade McCormick,30,29,6,12:32:55,51:32,08:27
Slade McCormick,30,29,7,13:34:01,52:39,07:20
Slade McCormick,30,29,8,14:32:04,50:41,09:18
Slade McCormick,30,29,9,15:32:55,51:32,08:27
Slade McCormick,30,29,10,16:31:29,50:07,09:52
Slade McCormick,30,29,11,17:34:53,53:31,06:28
Slade McCormick,30,29,12,18:34:11,52:49,07:10
Slade McCormick,30,29,13,19:22:41,41:18,18:41
Slade McCormick,30,29,14,20:29:42,48:19,11:40
Slade McCormick,30,29,15,21:25:10,43:48,16:11
Slade McCormick,30,29,16,22:25:26,44:03,15:56
Slade McCormick,30,29,17,23:28:09,46:46,13:13
Slade McCormick,30,29,18,24:28:46,47:24,12:35
Slade McCormick,30,29,19,25:26:48,45:26,14:33
Slade McCormick,30,29,20,26:28:17,46:54,13:05
Slade McCormick,30,29,21,27:28:55,47:32,12:27
Slade McCormick,30,29,22,28:23:32,42:10,17:49
Slade McCormick,30,29,23,29:26:59,45:36,14:23
Slade McCormick,30,29,24,30:25:06,43:44,16:15
Slade McCormick,30,29,25,31:34:56,53:34,06:25
Slade McCormick,30,29,26,32:31:59,50:37,09:22
Slade McCormick,30,29,27,33:34:30,53:08,06:51
Slade McCormick,30,29,28,34:33:43,52:20,07:39
Slade McCormick,30,29,29,35:34:22,53:00,06:59
Slade McCormick,30,29,30,36:36:19,54:57,05:02
Sean O'Connor,25,30,1,7:31:42,50:20,09:39
Sean O'Connor,25,30,2,8:31:31,50:08,09:51
Sean O'Connor,25,30,3,9:32:40,51:17,08:42
Sean O'Connor,25,30,4,10:32:52,51:30,08:29
Sean O'Connor,25,30,5,11:32:02,50:39,09:20
Sean O'Connor,25,30,6,12:32:31,51:09,08:50
Sean O'Connor,25,30,7,13:32:26,51:03,08:56
Sean O'Connor,25,30,8,14:31:56,50:34,09:25
Sean O'Connor,25,30,9,15:32:25,51:03,08:56
Sean O'Connor,25,30,10,16:31:28,50:05,09:54
Sean O'Connor,25,30,11,17:32:57,51:34,08:25
Sean O'Connor,25,30,12,18:33:01,51:38,08:21
Sean O'Connor,25,30,13,19:22:14,40:52,19:07
Sean O'Connor,25,30,14,20:23:38,42:16,17:43
Sean O'Connor,25,30,15,21:22:50,41:27,18:32
Sean O'Connor,25,30,16,22:26:54,45:31,14:28
Sean O'Connor,25,30,17,23:25:47,44:25,15:34
Sean O'Connor,25,30,18,24:25:23,44:00,15:59
Sean O'Connor,25,30,19,25:26:06,44:44,15:15
Sean O'Connor,25,30,20,26:31:15,49:52,10:07
Sean O'Connor,25,30,21,27:34:30,53:08,06:51
Sean O'Connor,25,30,22,28:25:50,44:28,15:31
Sean O'Connor,25,30,23,29:27:08,45:45,14:14
Sean O'Connor,25,30,24,30:30:54,49:31,10:28
Sean O'Connor,25,30,25,31:38:26,57:03,02:56
Padraig Mullins,29,31,1,7:32:45,51:22,08:37
Padraig Mullins,29,31,2,8:33:00,51:37,08:22
Padraig Mullins,29,31,3,9:32:53,51:30,08:29
Padraig Mullins,29,31,4,10:34:54,53:31,06:28
Padraig Mullins,29,31,5,11:32:09,50:47,09:12
Padraig Mullins,29,31,6,12:33:21,51:59,08:00
Padraig Mullins,29,31,7,13:32:57,51:34,08:25
Padraig Mullins,29,31,8,14:30:33,49:10,10:49
Padraig Mullins,29,31,9,15:33:29,52:06,07:53
Padraig Mullins,29,31,10,16:32:00,50:38,09:21
Padraig Mullins,29,31,11,17:33:27,52:04,07:55
Padraig Mullins,29,31,12,18:33:40,52:18,07:41
Padraig Mullins,29,31,13,19:25:38,44:16,15:43
Padraig Mullins,29,31,14,20:28:27,47:04,12:55
Padraig Mullins,29,31,15,21:28:49,47:26,12:33
Padraig Mullins,29,31,16,22:29:41,48:18,11:41
Padraig Mullins,29,31,17,23:29:28,48:05,11:54
Padraig Mullins,29,31,18,24:26:58,45:35,14:24
Padraig Mullins,29,31,19,25:28:39,47:17,12:42
Padraig Mullins,29,31,20,26:30:50,49:28,10:31
Padraig Mullins,29,31,21,27:30:36,49:13,10:46
Padraig Mullins,29,31,22,28:30:03,48:40,11:19
Padraig Mullins,29,31,23,29:31:12,49:49,10:10
Padraig Mullins,29,31,24,30:31:03,49:40,10:19
Padraig Mullins,29,31,25,31:34:08,52:45,07:14
Padraig Mullins,29,31,26,32:35:55,54:33,05:26
Padraig Mullins,29,31,27,33:37:36,56:13,03:46
Padraig Mullins,29,31,28,34:40:32,59:10,00:49
Padraig Mullins,29,31,29,35:37:54,56:31,03:28
Andy Emerson,27,32,1,7:31:48,50:25,09:34
Andy Emerson,27,32,2,8:30:33,49:10,10:49
Andy Emerson,27,32,3,9:31:18,49:55,10:04
Andy Emerson,27,32,4,10:31:54,50:32,09:27
Andy Emerson,27,32,5,11:32:00,50:37,09:22
Andy Emerson,27,32,6,12:32:26,51:03,08:56
Andy Emerson,27,32,7,13:31:11,49:49,10:10
Andy Emerson,27,32,8,14:30:42,49:20,10:39
Andy Emerson,27,32,9,15:32:35,51:13,08:46
Andy Emerson,27,32,10,16:33:17,51:55,08:04
Andy Emerson,27,32,11,17:32:08,50:45,09:14
Andy Emerson,27,32,12,18:32:24,51:02,08:57
Andy Emerson,27,32,13,19:22:44,41:22,18:37
Andy Emerson,27,32,14,20:25:42,44:19,15:40
Andy Emerson,27,32,15,21:23:56,42:34,17:25
Andy Emerson,27,32,16,22:24:26,43:04,16:55
Andy Emerson,27,32,17,23:25:10,43:47,16:12
Andy Emerson,27,32,18,24:27:35,46:13,13:46
Andy Emerson,27,32,19,25:26:25,45:02,14:57
Andy Emerson,27,32,20,26:26:50,45:27,14:32
Andy Emerson,27,32,21,27:27:45,46:22,13:37
Andy Emerson,27,32,22,28:28:14,46:51,13:08
Andy Emerson,27,32,23,29:31:54,50:31,09:28
Andy Emerson,27,32,24,30:28:55,47:33,12:26
Andy Emerson,27,32,25,31:36:24,55:01,04:58
Andy Emerson,27,32,26,32:36:49,55:27,04:32
Andy Emerson,27,32,27,33:37:45,56:22,03:37
Marcy Beard,30,34,1,7:35:43,54:20,05:39
Marcy Beard,30,34,2,8:35:26,54:03,05:56
Marcy Beard,30,34,3,9:34:40,53:18,06:41
Marcy Beard,30,34,4,10:34:15,52:53,07:06
Marcy Beard,30,34,5,11:35:41,54:18,05:41
Marcy Beard,30,34,6,12:35:22,53:59,06:00
Marcy Beard,30,34,7,13:36:02,54:39,05:20
Marcy Beard,30,34,8,14:35:44,54:22,05:37
Marcy Beard,30,34,9,15:35:38,54:15,05:44
Marcy Beard,30,34,10,16:36:18,54:55,05:04
Marcy Beard,30,34,11,17:37:01,55:39,04:20
Marcy Beard,30,34,12,18:37:33,56:10,03:49
Marcy Beard,30,34,13,19:32:35,51:12,08:47
Marcy Beard,30,34,14,20:35:17,53:54,06:05
Marcy Beard,30,34,15,21:34:20,52:57,07:02
Marcy Beard,30,34,16,22:35:27,54:05,05:54
Marcy Beard,30,34,17,23:36:00,54:37,05:22
Marcy Beard,30,34,18,24:35:34,54:11,05:48
Marcy Beard,30,34,19,25:35:38,54:15,05:44
Marcy Beard,30,34,20,26:36:46,55:23,04:36
Marcy Beard,30,34,21,27:37:27,56:04,03:55
Marcy Beard,30,34,22,28:36:46,55:23,04:36
Marcy Beard,30,34,23,29:39:32,58:10,01:49
Marcy Beard,30,34,24,30:34:48,53:25,06:34
Marcy Beard,30,34,25,31:38:09,56:47,03:12
Marcy Beard,30,34,26,32:38:40,57:17,02:42
Marcy Beard,30,34,27,33:38:16,56:53,03:06
Marcy Beard,30,34,28,34:38:09,56:46,03:13
Marcy Beard,30,34,29,35:38:55,57:32,02:27
Marcy Beard,30,34,30,36:39:09,57:47,02:12
Adam Rood,32,35,1,7:31:39,50:17,09:42
Adam Rood,32,35,2,8:32:34,51:11,08:48
Adam Rood,32,35,3,9:33:24,52:02,07:57
Adam Rood,32,35,4,10:33:06,51:44,08:15
Adam Rood,32,35,5,11:32:50,51:27,08:32
Adam Rood,32,35,6,12:34:03,52:40,07:19
Adam Rood,32,35,7,13:33:15,51:53,08:06
Adam Rood,32,35,8,14:33:48,52:26,07:33
Adam Rood,32,35,9,15:33:47,52:24,07:35
Adam Rood,32,35,10,16:33:49,52:27,07:32
Adam Rood,32,35,11,17:33:34,52:12,07:47
Adam Rood,32,35,12,18:34:09,52:46,07:13
Adam Rood,32,35,13,19:26:42,45:19,14:40
Adam Rood,32,35,14,20:28:47,47:24,12:35
Adam Rood,32,35,15,21:29:05,47:42,12:17
Adam Rood,32,35,16,22:28:04,46:42,13:17
Adam Rood,32,35,17,23:28:31,47:08,12:51
Adam Rood,32,35,18,24:29:52,48:29,11:30
Adam Rood,32,35,19,25:29:35,48:12,11:47
Adam Rood,32,35,20,26:30:33,49:11,10:48
Adam Rood,32,35,21,27:27:45,46:22,13:37
Adam Rood,32,35,22,28:28:53,47:31,12:28
Adam Rood,32,35,23,29:28:15,46:53,13:06
Adam Rood,32,35,24,30:27:07,45:44,14:15
Adam Rood,32,35,25,31:34:32,53:10,06:49
Adam Rood,32,35,26,32:34:44,53:21,06:38
Adam Rood,32,35,27,33:33:50,52:27,07:32
Adam Rood,32,35,28,34:33:40,52:18,07:41
Adam Rood,32,35,29,35:34:39,53:16,06:43
Adam Rood,32,35,30,36:35:23,54:01,05:58
Adam Rood,32,35,31,37:38:21,56:58,03:01
Adam Rood,32,35,32,,,
Kelley Fejes,18,36,1,7:38:27,57:05,02:54
Kelley Fejes,18,36,2,8:35:25,54:02,05:57
Kelley Fejes,18,36,3,9:35:08,53:45,06:14
Kelley Fejes,18,36,4,10:34:30,53:07,06:52
Kelley Fejes,18,36,5,11:35:20,53:57,06:02
Kelley Fejes,18,36,6,12:35:53,54:30,05:29
Kelley Fejes,18,36,7,13:37:08,55:46,04:13
Kelley Fejes,18,36,8,14:35:59,54:37,05:22
Kelley Fejes,18,36,9,15:36:15,54:53,05:06
Kelley Fejes,18,36,10,16:36:32,55:09,04:50
Kelley Fejes,18,36,11,17:36:52,55:30,04:29
Kelley Fejes,18,36,12,18:38:12,56:49,03:10
Kelley Fejes,18,36,13,19:36:23,55:00,04:59
Kelley Fejes,18,36,14,20:32:47,51:25,08:34
Kelley Fejes,18,36,15,21:32:06,50:43,09:16
Kelley Fejes,18,36,16,22:32:11,50:48,09:11
Kelley Fejes,18,36,17,23:35:17,53:55,06:04
Kelley Fejes,18,36,18,24:36:13,54:50,05:09
Mark Lattanzi,13,37,1,7:31:37,50:15,09:44
Mark Lattanzi,13,37,2,8:30:32,49:09,10:50
Mark Lattanzi,13,37,3,9:31:29,50:07,09:52
Mark Lattanzi,13,37,4,10:32:01,50:38,09:21
Mark Lattanzi,13,37,5,11:31:50,50:28,09:31
Mark Lattanzi,13,37,6,12:32:56,51:33,08:26
Mark Lattanzi,13,37,7,13:33:08,51:45,08:14
Mark Lattanzi,13,37,8,14:31:48,50:25,09:34
Mark Lattanzi,13,37,9,15:30:31,49:09,10:50
Mark Lattanzi,13,37,10,16:32:13,50:50,09:09
Mark Lattanzi,13,37,11,17:33:08,51:45,08:14
Mark Lattanzi,13,37,12,18:36:25,55:02,04:57
Mark Lattanzi,13,37,13,19:25:05,43:43,16:16
Anne Lang,24,38,1,7:34:42,53:19,06:40
Anne Lang,24,38,2,8:35:33,54:11,05:48
Anne Lang,24,38,3,9:36:03,54:40,05:19
Anne Lang,24,38,4,10:36:35,55:13,04:46
Anne Lang,24,38,5,11:36:03,54:40,05:19
Anne Lang,24,38,6,12:35:58,54:35,05:24
Anne Lang,24,38,7,13:34:11,52:48,07:11
Anne Lang,24,38,8,14:34:16,52:53,07:06
Anne Lang,24,38,9,15:35:40,54:17,05:42
Anne Lang,24,38,10,16:36:18,54:55,05:04
Anne Lang,24,38,11,17:36:18,54:56,05:03
Anne Lang,24,38,12,18:36:57,55:35,04:24
Anne Lang,24,38,13,19:32:51,51:28,08:31
Anne Lang,24,38,14,20:32:20,50:57,09:02
Anne Lang,24,38,15,21:32:42,51:19,08:40
Anne Lang,24,38,16,22:31:24,50:02,09:57
Anne Lang,24,38,17,23:31:50,50:28,09:31
Anne Lang,24,38,18,24:30:23,49:00,10:59
Anne Lang,24,38,19,25:32:04,50:42,09:17
Anne Lang,24,38,20,26:33:06,51:44,08:15
Anne Lang,24,38,21,27:33:34,52:12,07:47
Anne Lang,24,38,22,28:33:07,51:45,08:14
Anne Lang,24,38,23,29:37:25,56:02,03:57
Anne Lang,24,38,24,30:35:24,54:02,05:57
Nathan Marti,25,39,1,7:33:59,52:36,07:23
Nathan Marti,25,39,2,8:34:43,53:20,06:39
Nathan Marti,25,39,3,9:34:40,53:18,06:41
Nathan Marti,25,39,4,10:30:24,49:01,10:58
Nathan Marti,25,39,5,11:35:18,53:56,06:03
Nathan Marti,25,39,6,12:35:29,54:07,05:52
Nathan Marti,25,39,7,13:36:44,55:21,04:38
Nathan Marti,25,39,8,14:37:11,55:48,04:11
Nathan Marti,25,39,9,15:37:02,55:40,04:19
Nathan Marti,25,39,10,16:37:48,56:25,03:34
Nathan Marti,25,39,11,17:37:25,56:03,03:56
Nathan Marti,25,39,12,18:39:05,57:43,02:16
Nathan Marti,25,39,13,19:34:30,53:07,06:52
Nathan Marti,25,39,14,20:32:50,51:27,08:32
Nathan Marti,25,39,15,21:33:33,52:11,07:48
Nathan Marti,25,39,16,22:35:26,54:03,05:56
Nathan Marti,25,39,17,23:35:31,54:09,05:50
Nathan Marti,25,39,18,24:35:47,54:24,05:35
Nathan Marti,25,39,19,25:34:42,53:19,06:40
Nathan Marti,25,39,20,26:35:41,54:19,05:40
Nathan Marti,25,39,21,27:36:38,55:15,04:44
Nathan Marti,25,39,22,28:35:42,54:19,05:40
Nathan Marti,25,39,23,29:38:30,57:07,02:52
Nathan Marti,25,39,24,30:36:30,55:07,04:52
Nathan Marti,25,39,25,31:37:27,56:04,03:55
Gavin Woody,65,40,1,7:36:10,54:47,05:12
Gavin Woody,65,40,2,8:32:08,50:46,09:13
Gavin Woody,65,40,3,9:36:19,54:57,05:02
Gavin Woody,65,40,4,10:33:26,52:03,07:56
Gavin Woody,65,40,5,11:32:08,50:46,09:13
Gavin Woody,65,40,6,12:33:37,52:15,07:44
Gavin Woody,65,40,7,13:33:33,52:11,07:48
Gavin Woody,65,40,8,14:34:39,53:16,06:43
Gavin Woody,65,40,9,15:32:53,51:31,08:28
Gavin Woody,65,40,10,16:33:51,52:29,07:30
Gavin Woody,65,40,11,17:31:11,49:48,10:11
Gavin Woody,65,40,12,18:33:01,51:39,08:20
Gavin Woody,65,40,13,19:26:39,45:16,14:43
Gavin Woody,65,40,14,20:31:46,50:23,09:36
Gavin Woody,65,40,15,21:32:22,50:59,09:00
Gavin Woody,65,40,16,22:33:13,51:51,08:08
Gavin Woody,65,40,17,23:33:16,51:53,08:06
Gavin Woody,65,40,18,24:29:52,48:29,11:30
Gavin Woody,65,40,19,25:27:31,46:08,13:51
Gavin Woody,65,40,20,26:29:11,47:49,12:10
Gavin Woody,65,40,21,27:28:28,47:05,12:54
Gavin Woody,65,40,22,28:33:39,52:17,07:42
Gavin Woody,65,40,23,29:28:11,46:48,13:11
Gavin Woody,65,40,24,30:25:42,44:20,15:39
Gavin Woody,65,40,25,31:33:16,51:53,08:06
Gavin Woody,65,40,26,32:34:44,53:21,06:38
Gavin Woody,65,40,27,33:33:05,51:42,08:17
Gavin Woody,65,40,28,34:31:59,50:36,09:23
Gavin Woody,65,40,29,35:33:56,52:34,07:25
Gavin Woody,65,40,30,36:34:54,53:31,06:28
Gavin Woody,65,40,31,37:34:47,53:24,06:35
Gavin Woody,65,40,32,38:34:20,52:57,07:02
Gavin Woody,65,40,33,39:35:11,53:49,06:10
Gavin Woody,65,40,34,40:35:08,53:45,06:14
Gavin Woody,65,40,35,41:34:57,53:34,06:25
Gavin Woody,65,40,36,42:36:53,55:30,04:29
Gavin Woody,65,40,37,43:30:28,49:05,10:54
Gavin Woody,65,40,38,44:30:47,49:25,10:34
Gavin Woody,65,40,39,45:30:58,49:36,10:23
Gavin Woody,65,40,40,46:30:53,49:31,10:28
Gavin Woody,65,40,41,47:30:49,49:27,10:32
Gavin Woody,65,40,42,48:30:08,48:46,11:13
Gavin Woody,65,40,43,49:28:55,47:32,12:27
Gavin Woody,65,40,44,50:29:43,48:20,11:39
Gavin Woody,65,40,45,51:29:33,48:10,11:49
Gavin Woody,65,40,46,52:27:49,46:27,13:32
Gavin Woody,65,40,47,53:29:22,48:00,11:59
Gavin Woody,65,40,48,54:30:27,49:04,10:55
Gavin Woody,65,40,49,55:34:44,53:22,06:37
Gavin Woody,65,40,50,56:35:15,53:53,06:06
Gavin Woody,65,40,51,57:33:28,52:05,07:54
Gavin Woody,65,40,52,58:33:29,52:06,07:53
Gavin Woody,65,40,53,59:35:38,54:15,05:44
Gavin Woody,65,40,54,60:33:34,52:11,07:48
Gavin Woody,65,40,55,61:34:18,52:55,07:04
Gavin Woody,65,40,56,62:34:39,53:17,06:42
Gavin Woody,65,40,57,63:33:31,52:09,07:50
Gavin Woody,65,40,58,64:34:09,52:46,07:13
Gavin Woody,65,40,59,65:34:32,53:10,06:49
Gavin Woody,65,40,60,66:35:16,53:53,06:06
Gavin Woody,65,40,61,67:31:48,50:25,09:34
Gavin Woody,65,40,62,68:34:06,52:44,07:15
Gavin Woody,65,40,63,69:31:32,50:10,09:49
Gavin Woody,65,40,64,70:32:29,51:06,08:53
Gavin Woody,65,40,65,71:36:45,55:22,04:37
Jeremy Ebel,17,41,1,7:39:57,58:35,01:24
Jeremy Ebel,17,41,2,8:39:43,58:21,01:38
Jeremy Ebel,17,41,3,9:39:42,58:19,01:40
Jeremy Ebel,17,41,4,10:36:39,55:17,04:42
Jeremy Ebel,17,41,5,11:40:00,58:37,01:22
Jeremy Ebel,17,41,6,12:40:09,58:46,01:13
Jeremy Ebel,17,41,7,13:39:50,58:28,01:31
Jeremy Ebel,17,41,8,14:39:24,58:02,01:57
Jeremy Ebel,17,41,9,15:37:41,56:18,03:41
Jeremy Ebel,17,41,10,16:39:28,58:05,01:54
Jeremy Ebel,17,41,11,17:39:42,58:20,01:39
Jeremy Ebel,17,41,12,18:39:50,58:27,01:32
Jeremy Ebel,17,41,13,19:36:45,55:22,04:37
Jeremy Ebel,17,41,14,20:36:07,54:44,05:15
Jeremy Ebel,17,41,15,21:35:53,54:30,05:29
Jeremy Ebel,17,41,16,22:38:30,57:08,02:51
Jeremy Ebel,17,41,17,23:39:09,57:46,02:13
Michael Anderson,24,42,1,7:35:20,53:57,06:02
Michael Anderson,24,42,2,8:35:24,54:01,05:58
Michael Anderson,24,42,3,9:34:56,53:33,06:26
Michael Anderson,24,42,4,10:34:35,53:12,06:47
Michael Anderson,24,42,5,11:35:21,53:59,06:00
Michael Anderson,24,42,6,12:35:53,54:30,05:29
Michael Anderson,24,42,7,13:34:00,52:38,07:21
Michael Anderson,24,42,8,14:34:07,52:44,07:15
Michael Anderson,24,42,9,15:35:35,54:12,05:47
Michael Anderson,24,42,10,16:35:41,54:18,05:41
Michael Anderson,24,42,11,17:35:25,54:03,05:56
Michael Anderson,24,42,12,18:36:42,55:20,04:39
Michael Anderson,24,42,13,19:28:58,47:36,12:23
Michael Anderson,24,42,14,20:32:40,51:17,08:42
Michael Anderson,24,42,15,21:34:09,52:46,07:13
Michael Anderson,24,42,16,22:34:16,52:53,07:06
Michael Anderson,24,42,17,23:31:43,50:20,09:39
Michael Anderson,24,42,18,24:32:13,50:50,09:09
Michael Anderson,24,42,19,25:33:17,51:55,08:04
Michael Anderson,24,42,20,26:34:25,53:03,06:56
Michael Anderson,24,42,21,27:33:52,52:29,07:30
Michael Anderson,24,42,22,28:33:59,52:36,07:23
Michael Anderson,24,42,23,29:34:05,52:43,07:16
Michael Anderson,24,42,24,30:31:31,50:09,09:50
Chris Robbins,27,43,1,7:31:33,50:11,09:48
Chris Robbins,27,43,2,8:30:34,49:11,10:48
Chris Robbins,27,43,3,9:31:55,50:33,09:26
Chris Robbins,27,43,4,10:33:07,51:44,08:15
Chris Robbins,27,43,5,11:29:17,47:55,12:04
Chris Robbins,27,43,6,12:29:13,47:51,12:08
Chris Robbins,27,43,7,13:30:55,49:32,10:27
Chris Robbins,27,43,8,14:29:22,48:00,11:59
Chris Robbins,27,43,9,15:31:28,50:06,09:53
Chris Robbins,27,43,10,16:30:07,48:45,11:14
Chris Robbins,27,43,11,17:30:39,49:16,10:43
Chris Robbins,27,43,12,18:30:09,48:47,11:12
Chris Robbins,27,43,13,19:24:52,43:29,16:30
Chris Robbins,27,43,14,20:31:49,50:26,09:33
Chris Robbins,27,43,15,21:33:26,52:04,07:55
Chris Robbins,27,43,16,22:33:13,51:50,08:09
Chris Robbins,27,43,17,23:31:38,50:16,09:43
Chris Robbins,27,43,18,24:35:01,53:39,06:20
Chris Robbins,27,43,19,25:28:08,46:45,13:14
Chris Robbins,27,43,20,26:27:12,45:49,14:10
Chris Robbins,27,43,21,27:27:02,45:39,14:20
Chris Robbins,27,43,22,28:31:00,49:37,10:22
Chris Robbins,27,43,23,29:29:00,47:37,12:22
Chris Robbins,27,43,24,30:29:57,48:34,11:25
Chris Robbins,27,43,25,31:34:04,52:41,07:18
Chris Robbins,27,43,26,32:35:21,53:59,06:00
Chris Robbins,27,43,27,33:36:31,55:08,04:51
Nick Vermeulen,12,44,1,7:31:28,50:05,09:54
Nick Vermeulen,12,44,2,8:29:43,48:20,11:39
Nick Vermeulen,12,44,3,9:31:17,49:54,10:05
Nick Vermeulen,12,44,4,10:31:44,50:22,09:37
Nick Vermeulen,12,44,5,11:31:52,50:29,09:30
Nick Vermeulen,12,44,6,12:31:37,50:15,09:44
Nick Vermeulen,12,44,7,13:32:07,50:45,09:14
Nick Vermeulen,12,44,8,14:30:38,49:15,10:44
Nick Vermeulen,12,44,9,15:32:51,51:28,08:31
Nick Vermeulen,12,44,10,16:35:42,54:19,05:40
Nick Vermeulen,12,44,11,17:35:16,53:54,06:05
Nick Vermeulen,12,44,12,18:35:54,54:32,05:27
Harvey Lewis,4,45,1,7:33:37,52:14,07:45
Harvey Lewis,4,45,2,8:35:29,54:07,05:52
Harvey Lewis,4,45,3,9:35:09,53:47,06:12
Harvey Lewis,4,45,4,10:33:26,52:04,07:55
Gregory Burger,12,46,1,7:40:42,59:19,00:40
Gregory Burger,12,46,2,8:40:44,59:22,00:37
Gregory Burger,12,46,3,9:40:43,59:21,00:38
Gregory Burger,12,46,4,10:34:20,52:58,07:01
Gregory Burger,12,46,5,11:40:45,59:23,00:36
Gregory Burger,12,46,6,12:40:48,59:25,00:34
Gregory Burger,12,46,7,13:40:39,59:16,00:43
Gregory Burger,12,46,8,14:36:06,54:43,05:16
Gregory Burger,12,46,9,15:40:45,59:22,00:37
Gregory Burger,12,46,10,16:40:26,59:03,00:56
Gregory Burger,12,46,11,17:40:01,58:39,01:20
Gregory Burger,12,46,12,18:40:46,59:24,00:35
Greg Salvesen,56,47,1,7:34:18,52:55,07:04
Greg Salvesen,56,47,2,8:35:41,54:18,05:41
Greg Salvesen,56,47,3,9:36:13,54:51,05:08
Greg Salvesen,56,47,4,10:35:10,53:48,06:11
Greg Salvesen,56,47,5,11:35:17,53:55,06:04
Greg Salvesen,56,47,6,12:35:30,54:07,05:52
Greg Salvesen,56,47,7,13:33:41,52:18,07:41
Greg Salvesen,56,47,8,14:34:10,52:47,07:12
Greg Salvesen,56,47,9,15:35:31,54:09,05:50
Greg Salvesen,56,47,10,16:35:04,53:42,06:17
Greg Salvesen,56,47,11,17:34:18,52:55,07:04
Greg Salvesen,56,47,12,18:36:47,55:24,04:35
Greg Salvesen,56,47,13,19:32:46,51:23,08:36
Greg Salvesen,56,47,14,20:29:13,47:51,12:08
Greg Salvesen,56,47,15,21:28:55,47:33,12:26
Greg Salvesen,56,47,16,22:30:14,48:51,11:08
Greg Salvesen,56,47,17,23:27:45,46:23,13:36
Greg Salvesen,56,47,18,24:28:26,47:03,12:56
Greg Salvesen,56,47,19,25:28:01,46:39,13:20
Greg Salvesen,56,47,20,26:33:26,52:03,07:56
Greg Salvesen,56,47,21,27:29:05,47:42,12:17
Greg Salvesen,56,47,22,28:39:38,58:15,01:44
Greg Salvesen,56,47,23,29:26:32,45:09,14:50
Greg Salvesen,56,47,24,30:30:07,48:44,11:15
Greg Salvesen,56,47,25,31:35:20,53:58,06:01
Greg Salvesen,56,47,26,32:35:24,54:02,05:57
Greg Salvesen,56,47,27,33:33:53,52:30,07:29
Greg Salvesen,56,47,28,34:34:29,53:06,06:53
Greg Salvesen,56,47,29,35:34:06,52:44,07:15
Greg Salvesen,56,47,30,36:34:34,53:11,06:48
Greg Salvesen,56,47,31,37:35:52,54:29,05:30
Greg Salvesen,56,47,32,38:35:34,54:11,05:48
Greg Salvesen,56,47,33,39:35:28,54:06,05:53
Greg Salvesen,56,47,34,40:35:52,54:30,05:29
Greg Salvesen,56,47,35,41:35:32,54:10,05:49
Greg Salvesen,56,47,36,42:37:37,56:14,03:45
Greg Salvesen,56,47,37,43:30:51,49:29,10:30
Greg Salvesen,56,47,38,44:31:05,49:42,10:17
Greg Salvesen,56,47,39,45:35:15,53:52,06:07
Greg Salvesen,56,47,40,46:31:05,49:43,10:16
Greg Salvesen,56,47,41,47:30:55,49:32,10:27
Greg Salvesen,56,47,42,48:37:10,55:48,04:11
Greg Salvesen,56,47,43,49:30:40,49:18,10:41
Greg Salvesen,56,47,44,50:32:45,51:23,08:36
Greg Salvesen,56,47,45,51:37:28,56:05,03:54
Greg Salvesen,56,47,46,52:32:42,51:20,08:39
Greg Salvesen,56,47,47,53:37:45,56:23,03:36
Greg Salvesen,56,47,48,54:34:41,53:19,06:40
Greg Salvesen,56,47,49,55:36:19,54:56,05:03
Greg Salvesen,56,47,50,56:39:54,58:31,01:28
Greg Salvesen,56,47,51,57:37:11,55:49,04:10
Greg Salvesen,56,47,52,58:38:02,56:40,03:19
Greg Salvesen,56,47,53,59:38:34,57:12,02:47
Greg Salvesen,56,47,54,60:38:56,57:33,02:26
Greg Salvesen,56,47,55,61:39:09,57:47,02:12
Greg Salvesen,56,47,56,62:40:55,59:33,00:26
Deano Montreuil,13,48,1,7:32:46,51:24,08:35
Deano Montreuil,13,48,2,8:35:25,54:02,05:57
Deano Montreuil,13,48,3,9:32:39,51:17,08:42
Deano Montreuil,13,48,4,10:34:52,53:29,06:30
Deano Montreuil,13,48,5,11:35:47,54:24,05:35
Deano Montreuil,13,48,6,12:33:33,52:11,07:48
Deano Montreuil,13,48,7,13:35:24,54:01,05:58
Deano Montreuil,13,48,8,14:37:38,56:15,03:44
Deano Montreuil,13,48,9,15:36:30,55:08,04:51
Deano Montreuil,13,48,10,16:36:43,55:20,04:39
Deano Montreuil,13,48,11,17:37:05,55:42,04:17
Deano Montreuil,13,48,12,18:39:52,58:30,01:29
Deano Montreuil,13,48,13,19:39:07,57:44,02:15
Ricky Haro,16,49,1,7:35:25,54:02,05:57
Ricky Haro,16,49,2,8:35:27,54:05,05:54
Ricky Haro,16,49,3,9:35:01,53:39,06:20
Ricky Haro,16,49,4,10:34:37,53:15,06:44
Ricky Haro,16,49,5,11:35:25,54:03,05:56
Ricky Haro,16,49,6,12:35:58,54:35,05:24
Ricky Haro,16,49,7,13:34:05,52:43,07:16
Ricky Haro,16,49,8,14:34:13,52:50,07:09
Ricky Haro,16,49,9,15:35:37,54:15,05:44
Ricky Haro,16,49,10,16:36:12,54:50,05:09
Ricky Haro,16,49,11,17:35:15,53:52,06:07
Ricky Haro,16,49,12,18:36:54,55:32,04:27
Ricky Haro,16,49,13,19:28:42,47:19,12:40
Ricky Haro,16,49,14,20:29:57,48:35,11:24
Ricky Haro,16,49,15,21:28:23,47:00,12:59
Ricky Haro,16,49,16,22:37:27,56:05,03:54
Shenoa Creer,18,50,1,7:31:38,50:15,09:44
Shenoa Creer,18,50,2,8:31:16,49:53,10:06
Shenoa Creer,18,50,3,9:32:17,50:55,09:04
Shenoa Creer,18,50,4,10:34:22,53:00,06:59
Shenoa Creer,18,50,5,11:35:29,54:06,05:53
Shenoa Creer,18,50,6,12:35:39,54:16,05:43
Shenoa Creer,18,50,7,13:33:56,52:34,07:25
Shenoa Creer,18,50,8,14:33:41,52:18,07:41
Shenoa Creer,18,50,9,15:34:35,53:12,06:47
Shenoa Creer,18,50,10,16:36:02,54:39,05:20
Shenoa Creer,18,50,11,17:35:53,54:30,05:29
Shenoa Creer,18,50,12,18:34:08,52:46,07:13
Shenoa Creer,18,50,13,19:28:49,47:26,12:33
Shenoa Creer,18,50,14,20:31:24,50:01,09:58
Shenoa Creer,18,50,15,21:31:57,50:34,09:25
Shenoa Creer,18,50,16,22:34:13,52:50,07:09
Shenoa Creer,18,50,17,23:36:52,55:30,04:29
Shenoa Creer,18,50,18,24:38:26,57:04,02:55
Anatoly Ross,28,51,1,7:37:57,56:34,03:25
Anatoly Ross,28,51,2,8:34:12,52:50,07:09
Anatoly Ross,28,51,3,9:35:31,54:09,05:50
Anatoly Ross,28,51,4,10:32:48,51:26,08:33
Anatoly Ross,28,51,5,11:33:50,52:27,07:32
Anatoly Ross,28,51,6,12:32:30,51:08,08:51
Anatoly Ross,28,51,7,13:35:12,53:50,06:09
Anatoly Ross,28,51,8,14:34:13,52:50,07:09
Anatoly Ross,28,51,9,15:34:05,52:43,07:16
Anatoly Ross,28,51,10,16:35:04,53:42,06:17
Anatoly Ross,28,51,11,17:35:15,53:53,06:06
Anatoly Ross,28,51,12,18:36:30,55:08,04:51
Anatoly Ross,28,51,13,19:32:54,51:31,08:28
Anatoly Ross,28,51,14,20:31:56,50:34,09:25
Anatoly Ross,28,51,15,21:32:28,51:05,08:54
Anatoly Ross,28,51,16,22:32:39,51:16,08:43
Anatoly Ross,28,51,17,23:30:56,49:33,10:26
Anatoly Ross,28,51,18,24:34:48,53:25,06:34
Anatoly Ross,28,51,19,25:32:50,51:27,08:32
Anatoly Ross,28,51,20,26:32:29,51:06,08:53
Anatoly Ross,28,51,21,27:34:49,53:27,06:32
Anatoly Ross,28,51,22,28:34:29,53:06,06:53
Anatoly Ross,28,51,23,29:31:50,50:28,09:31
Anatoly Ross,28,51,24,30:33:42,52:19,07:40
Anatoly Ross,28,51,25,31:32:24,51:01,08:58
Anatoly Ross,28,51,26,32:35:06,53:43,06:16
Anatoly Ross,28,51,27,33:35:55,54:32,05:27
Anatoly Ross,28,51,28,34:38:13,56:50,03:09
Daniel Shamburg,28,52,1,7:32:29,51:06,08:53
Daniel Shamburg,28,52,2,8:32:34,51:11,08:48
Daniel Shamburg,28,52,3,9:34:12,52:49,07:10
Daniel Shamburg,28,52,4,10:33:01,51:38,08:21
Daniel Shamburg,28,52,5,11:31:21,49:59,10:00
Daniel Shamburg,28,52,6,12:32:30,51:07,08:52
Daniel Shamburg,28,52,7,13:30:59,49:36,10:23
Daniel Shamburg,28,52,8,14:30:41,49:18,10:41
Daniel Shamburg,28,52,9,15:32:50,51:28,08:31
Daniel Shamburg,28,52,10,16:31:02,49:39,10:20
Daniel Shamburg,28,52,11,17:33:18,51:55,08:04
Daniel Shamburg,28,52,12,18:31:17,49:54,10:05
Daniel Shamburg,28,52,13,19:28:26,47:04,12:55
Daniel Shamburg,28,52,14,20:28:28,47:05,12:54
Daniel Shamburg,28,52,15,21:29:22,47:59,12:00
Daniel Shamburg,28,52,16,22:28:32,47:09,12:50
Daniel Shamburg,28,52,17,23:29:37,48:14,11:45
Daniel Shamburg,28,52,18,24:30:13,48:50,11:09
Daniel Shamburg,28,52,19,25:30:47,49:24,10:35
Daniel Shamburg,28,52,20,26:29:42,48:19,11:40
Daniel Shamburg,28,52,21,27:33:05,51:43,08:16
Daniel Shamburg,28,52,22,28:31:10,49:47,10:12
Daniel Shamburg,28,52,23,29:33:18,51:56,08:03
Daniel Shamburg,28,52,24,30:32:17,50:55,09:04
Daniel Shamburg,28,52,25,31:33:18,51:55,08:04
Daniel Shamburg,28,52,26,32:32:37,51:14,08:45
Daniel Shamburg,28,52,27,33:34:47,53:24,06:35
Daniel Shamburg,28,52,28,34:34:35,53:13,06:46
Casey Thivierge,26,53,1,7:38:43,57:20,02:39
Casey Thivierge,26,53,2,8:34:23,53:01,06:58
Casey Thivierge,26,53,3,9:35:34,54:11,05:48
Casey Thivierge,26,53,4,10:32:05,50:43,09:16
Casey Thivierge,26,53,5,11:33:07,51:44,08:15
Casey Thivierge,26,53,6,12:31:43,50:20,09:39
Casey Thivierge,26,53,7,13:30:16,48:53,11:06
Casey Thivierge,26,53,8,14:30:49,49:26,10:33
Casey Thivierge,26,53,9,15:31:16,49:53,10:06
Casey Thivierge,26,53,10,16:30:33,49:10,10:49
Casey Thivierge,26,53,11,17:35:09,53:47,06:12
Casey Thivierge,26,53,12,18:35:50,54:28,05:31
Casey Thivierge,26,53,13,19:26:49,45:27,14:32
Casey Thivierge,26,53,14,20:30:24,49:02,10:57
Casey Thivierge,26,53,15,21:30:24,49:02,10:57
Casey Thivierge,26,53,16,22:32:51,51:28,08:31
Casey Thivierge,26,53,17,23:26:29,45:06,14:53
Casey Thivierge,26,53,18,24:32:07,50:45,09:14
Casey Thivierge,26,53,19,25:32:51,51:29,08:30
Casey Thivierge,26,53,20,26:32:19,50:56,09:03
Casey Thivierge,26,53,21,27:32:19,50:56,09:03
Casey Thivierge,26,53,22,28:34:30,53:07,06:52
Casey Thivierge,26,53,23,29:33:28,52:05,07:54
Casey Thivierge,26,53,24,30:36:03,54:40,05:19
Casey Thivierge,26,53,25,31:29:56,48:34,11:25
Casey Thivierge,26,53,26,32:36:25,55:03,04:56
Allan Benjamin,8,54,1,7:38:31,57:08,02:51
Allan Benjamin,8,54,2,8:36:18,54:56,05:03
Allan Benjamin,8,54,3,9:35:35,54:13,05:46
Allan Benjamin,8,54,4,10:35:12,53:49,06:10
Allan Benjamin,8,54,5,11:35:23,54:00,05:59
Allan Benjamin,8,54,6,12:36:43,55:20,04:39
Allan Benjamin,8,54,7,13:37:45,56:22,03:37
Allan Benjamin,8,54,8,14:40:07,58:44,01:15
Glenn Kasper,10,55,1,7:31:46,50:23,09:36
Glenn Kasper,10,55,2,8:30:31,49:09,10:50
Glenn Kasper,10,55,3,9:31:15,49:53,10:06
Glenn Kasper,10,55,4,10:31:56,50:34,09:25
Glenn Kasper,10,55,5,11:31:52,50:29,09:30
Glenn Kasper,10,55,6,12:32:57,51:34,08:25
Glenn Kasper,10,55,7,13:33:08,51:46,08:13
Glenn Kasper,10,55,8,14:35:29,54:06,05:53
Glenn Kasper,10,55,9,15:40:02,58:39,01:20
Glenn Kasper,10,55,10,16:38:22,56:59,03:00
Will Thomas,30,56,1,7:39:39,58:17,01:42
Will Thomas,30,56,2,8:37:56,56:33,03:26
Will Thomas,30,56,3,9:36:18,54:56,05:03
Will Thomas,30,56,4,10:36:44,55:22,04:37
Will Thomas,30,56,5,11:37:45,56:23,03:36
Will Thomas,30,56,6,12:38:52,57:30,02:29
Will Thomas,30,56,7,13:37:54,56:31,03:28
Will Thomas,30,56,8,14:38:52,57:29,02:30
Will Thomas,30,56,9,15:38:09,56:47,03:12
Will Thomas,30,56,10,16:38:45,57:22,02:37
Will Thomas,30,56,11,17:38:14,56:51,03:08
Will Thomas,30,56,12,18:39:54,58:31,01:28
Will Thomas,30,56,13,19:34:53,53:30,06:29
Will Thomas,30,56,14,20:35:44,54:22,05:37
Will Thomas,30,56,15,21:34:23,53:00,06:59
Will Thomas,30,56,16,22:33:15,51:52,08:07
Will Thomas,30,56,17,23:36:16,54:54,05:05
Will Thomas,30,56,18,24:37:11,55:49,04:10
Will Thomas,30,56,19,25:34:44,53:21,06:38
Will Thomas,30,56,20,26:35:36,54:14,05:45
Will Thomas,30,56,21,27:36:01,54:39,05:20
Will Thomas,30,56,22,28:36:06,54:43,05:16
Will Thomas,30,56,23,29:36:54,55:32,04:27
Will Thomas,30,56,24,30:34:08,52:45,07:14
Will Thomas,30,56,25,31:37:57,56:34,03:25
Will Thomas,30,56,26,32:39:45,58:23,01:36
Will Thomas,30,56,27,33:40:31,59:08,00:51
Will Thomas,30,56,28,34:39:39,58:17,01:42
Will Thomas,30,56,29,35:40:09,58:47,01:12
Will Thomas,30,56,30,36:40:55,59:32,00:27
Brian Trinkle,27,57,1,7:39:18,57:56,02:03
Brian Trinkle,27,57,2,8:35:41,54:18,05:41
Brian Trinkle,27,57,3,9:35:43,54:21,05:38
Brian Trinkle,27,57,4,10:35:20,53:58,06:01
Brian Trinkle,27,57,5,11:33:44,52:21,07:38
Brian Trinkle,27,57,6,12:37:03,55:40,04:19
Brian Trinkle,27,57,7,13:35:09,53:47,06:12
Brian Trinkle,27,57,8,14:36:47,55:25,04:34
Brian Trinkle,27,57,9,15:35:37,54:15,05:44
Brian Trinkle,27,57,10,16:36:10,54:47,05:12
Brian Trinkle,27,57,11,17:35:30,54:07,05:52
Brian Trinkle,27,57,12,18:36:52,55:29,04:30
Brian Trinkle,27,57,13,19:27:02,45:40,14:19
Brian Trinkle,27,57,14,20:28:44,47:21,12:38
Brian Trinkle,27,57,15,21:29:11,47:49,12:10
Brian Trinkle,27,57,16,22:30:26,49:03,10:56
Brian Trinkle,27,57,17,23:30:15,48:52,11:07
Brian Trinkle,27,57,18,24:30:53,49:30,10:29
Brian Trinkle,27,57,19,25:32:46,51:23,08:36
Brian Trinkle,27,57,20,26:30:37,49:15,10:44
Brian Trinkle,27,57,21,27:29:55,48:32,11:27
Brian Trinkle,27,57,22,28:31:25,50:02,09:57
Brian Trinkle,27,57,23,29:31:50,50:27,09:32
Brian Trinkle,27,57,24,30:33:43,52:21,07:38
Brian Trinkle,27,57,25,31:33:48,52:25,07:34
Brian Trinkle,27,57,26,32:36:14,54:52,05:07
Brian Trinkle,27,57,27,33:37:40,56:17,03:42
Derek Tinnin,17,58,1,7:33:37,52:15,07:44
Derek Tinnin,17,58,2,8:35:28,54:06,05:53
Derek Tinnin,17,58,3,9:32:23,51:01,08:58
Derek Tinnin,17,58,4,10:32:16,50:54,09:05
Derek Tinnin,17,58,5,11:32:33,51:10,08:49
Derek Tinnin,17,58,6,12:34:33,53:11,06:48
Derek Tinnin,17,58,7,13:37:09,55:47,04:12
Derek Tinnin,17,58,8,14:37:05,55:42,04:17
Derek Tinnin,17,58,9,15:38:03,56:40,03:19
Derek Tinnin,17,58,10,16:38:53,57:30,02:29
Derek Tinnin,17,58,11,17:37:58,56:36,03:23
Derek Tinnin,17,58,12,18:39:45,58:23,01:36
Derek Tinnin,17,58,13,19:34:21,52:58,07:01
Derek Tinnin,17,58,14,20:31:58,50:35,09:24
Derek Tinnin,17,58,15,21:32:40,51:17,08:42
Derek Tinnin,17,58,16,22:35:34,54:11,05:48
Derek Tinnin,17,58,17,23:34:22,52:59,07:00
Camille Coombs,5,59,1,7:36:12,54:49,05:10
Camille Coombs,5,59,2,8:38:14,56:52,03:07
Camille Coombs,5,59,3,9:37:12,55:49,04:10
Camille Coombs,5,59,4,10:38:33,57:11,02:48
Camille Coombs,5,59,5,11:40:17,58:55,01:04
Jerry Palmer,13,60,1,7:31:53,50:31,09:28
Jerry Palmer,13,60,2,8:30:14,48:51,11:08
Jerry Palmer,13,60,3,9:31:27,50:04,09:55
Jerry Palmer,13,60,4,10:31:34,50:12,09:47
Jerry Palmer,13,60,5,11:32:20,50:58,09:01
Jerry Palmer,13,60,6,12:32:30,51:08,08:51
Jerry Palmer,13,60,7,13:33:54,52:31,07:28
Jerry Palmer,13,60,8,14:33:42,52:19,07:40
Jerry Palmer,13,60,9,15:33:11,51:48,08:11
Jerry Palmer,13,60,10,16:35:14,53:51,06:08
Jerry Palmer,13,60,11,17:35:00,53:37,06:22
Jerry Palmer,13,60,12,18:35:51,54:28,05:31
Jerry Palmer,13,60,13,19:36:51,55:29,04:30
Rodney Coombs,9,62,1,7:39:32,58:09,01:50
Rodney Coombs,9,62,2,8:38:19,56:56,03:03
Rodney Coombs,9,62,3,9:37:10,55:48,04:11
Rodney Coombs,9,62,4,10:37:24,56:01,03:58
Rodney Coombs,9,62,5,11:37:28,56:06,03:53
Rodney Coombs,9,62,6,12:38:07,56:45,03:14
Rodney Coombs,9,62,7,13:38:39,57:17,02:42
Rodney Coombs,9,62,8,14:39:24,58:02,01:57
Rodney Coombs,9,62,9,15:40:36,59:13,00:46
Gregg Ellis,6,63,1,7:33:37,52:14,07:45
Gregg Ellis,6,63,2,8:35:12,53:50,06:09
Gregg Ellis,6,63,3,9:35:28,54:05,05:54
Gregg Ellis,6,63,4,10:35:30,54:08,05:51
Gregg Ellis,6,63,5,11:37:39,56:16,03:43
Gregg Ellis,6,63,6,12:41:15,59:53,00:06
Ben Yancey,17,64,1,7:39:13,57:51,02:08
Ben Yancey,17,64,2,8:36:13,54:51,05:08
Ben Yancey,17,64,3,9:39:23,58:01,01:58
Ben Yancey,17,64,4,10:38:26,57:03,02:56
Ben Yancey,17,64,5,11:38:28,57:05,02:54
Ben Yancey,17,64,6,12:38:40,57:18,02:41
Ben Yancey,17,64,7,13:39:44,58:22,01:37
Ben Yancey,17,64,8,14:39:39,58:17,01:42
Ben Yancey,17,64,9,15:39:46,58:23,01:36
Ben Yancey,17,64,10,16:39:21,57:58,02:01
Ben Yancey,17,64,11,17:39:41,58:18,01:41
Ben Yancey,17,64,12,18:40:36,59:14,00:45
Ben Yancey,17,64,13,19:35:31,54:08,05:51
Ben Yancey,17,64,14,20:38:41,57:19,02:40
Ben Yancey,17,64,15,21:39:04,57:41,02:18
Ben Yancey,17,64,16,22:40:00,58:38,01:21
Ben Yancey,17,64,17,23:40:42,59:20,00:39
Phil Orndorff,6,66,1,7:31:44,50:21,09:38
Phil Orndorff,6,66,2,8:32:31,51:08,08:51
Phil Orndorff,6,66,3,9:36:11,54:48,05:11
Phil Orndorff,6,66,4,10:35:54,54:32,05:27
Phil Orndorff,6,66,5,11:36:54,55:31,04:28
Phil Orndorff,6,66,6,12:39:40,58:18,01:41
Chris Hasselback,7,67,1,7:38:39,57:16,02:43
Chris Hasselback,7,67,2,8:36:08,54:45,05:14
Chris Hasselback,7,67,3,9:37:15,55:53,04:06
Chris Hasselback,7,67,4,10:38:03,56:40,03:19
Chris Hasselback,7,67,5,11:38:03,56:40,03:19
Chris Hasselback,7,67,6,12:38:41,57:18,02:41
Chris Hasselback,7,67,7,13:38:27,57:04,02:55
Derek Murphy,1,68,1,7:39:20,57:58,02:01
Lindley Chambers,2,69,1,7:35:25,54:03,05:56
Lindley Chambers,2,69,2,8:37:51,56:29,03:30
Josep Barberillo,25,70,1,7:35:46,54:24,05:35
Josep Barberillo,25,70,2,8:37:17,55:55,04:04
Josep Barberillo,25,70,3,9:38:49,57:27,02:32
Josep Barberillo,25,70,4,10:38:04,56:41,03:18
Josep Barberillo,25,70,5,11:38:27,57:05,02:54
Josep Barberillo,25,70,6,12:38:48,57:26,02:33
Josep Barberillo,25,70,7,13:37:23,56:01,03:58
Josep Barberillo,25,70,8,14:36:10,54:47,05:12
Josep Barberillo,25,70,9,15:38:37,57:15,02:44
Josep Barberillo,25,70,10,16:38:02,56:40,03:19
Josep Barberillo,25,70,11,17:37:35,56:12,03:47
Josep Barberillo,25,70,12,18:38:16,56:53,03:06
Josep Barberillo,25,70,13,19:35:57,54:35,05:24
Josep Barberillo,25,70,14,20:35:53,54:30,05:29
Josep Barberillo,25,70,15,21:34:58,53:35,06:24
Josep Barberillo,25,70,16,22:37:24,56:02,03:57
Josep Barberillo,25,70,17,23:24:45,43:22,16:37
Josep Barberillo,25,70,18,24:25:33,44:11,15:48
Josep Barberillo,25,70,19,25:29:44,48:21,11:38
Josep Barberillo,25,70,20,26:32:16,50:53,09:06
Josep Barberillo,25,70,21,27:35:47,54:24,05:35
Josep Barberillo,25,70,22,28:36:55,55:33,04:26
Josep Barberillo,25,70,23,29:36:53,55:30,04:29
Josep Barberillo,25,70,24,30:35:41,54:19,05:40
Josep Barberillo,25,70,25,31:40:16,58:54,01:05
Sammy Daye,4,73,1,7:31:32,50:10,09:49
Sammy Daye,4,73,2,8:31:26,50:03,09:56
Sammy Daye,4,73,3,9:34:05,52:42,07:17
Sammy Daye,4,73,4,10:35:16,53:53,06:06
Peter Cromie,38,74,1,7:31:50,50:27,09:32
Peter Cromie,38,74,2,8:32:39,51:16,08:43
Peter Cromie,38,74,3,9:31:21,49:58,10:01
Peter Cromie,38,74,4,10:32:53,51:31,08:28
Peter Cromie,38,74,5,11:30:26,49:03,10:56
Peter Cromie,38,74,6,12:21:03,39:40,20:19
Peter Cromie,38,74,7,13:30:00,48:37,11:22
Peter Cromie,38,74,8,14:30:55,49:32,10:27
Peter Cromie,38,74,9,15:29:26,48:03,11:56
Peter Cromie,38,74,10,16:30:00,48:38,11:21
Peter Cromie,38,74,11,17:30:12,48:50,11:09
Peter Cromie,38,74,12,18:29:52,48:29,11:30
Peter Cromie,38,74,13,19:21:19,39:56,20:03
Peter Cromie,38,74,14,20:23:55,42:33,17:26
Peter Cromie,38,74,15,21:24:33,43:11,16:48
Peter Cromie,38,74,16,22:24:33,43:11,16:48
Peter Cromie,38,74,17,23:23:53,42:31,17:28
Peter Cromie,38,74,18,24:25:00,43:38,16:21
Peter Cromie,38,74,19,25:26:10,44:47,15:12
Peter Cromie,38,74,20,26:29:08,47:46,12:13
Peter Cromie,38,74,21,27:28:15,46:53,13:06
Peter Cromie,38,74,22,28:30:02,48:40,11:19
Peter Cromie,38,74,23,29:27:05,45:43,14:16
Peter Cromie,38,74,24,30:27:22,46:00,13:59
Peter Cromie,38,74,25,31:33:49,52:26,07:33
Peter Cromie,38,74,26,32:35:08,53:46,06:13
Peter Cromie,38,74,27,33:33:50,52:27,07:32
Peter Cromie,38,74,28,34:33:40,52:18,07:41
Peter Cromie,38,74,29,35:33:56,52:33,07:26
Peter Cromie,38,74,30,36:32:21,50:58,09:01
Peter Cromie,38,74,31,37:34:55,53:33,06:26
Peter Cromie,38,74,32,38:35:40,54:17,05:42
Peter Cromie,38,74,33,39:34:42,53:19,06:40
Peter Cromie,38,74,34,40:35:09,53:47,06:12
Peter Cromie,38,74,35,41:35:08,53:45,06:14
Peter Cromie,38,74,36,42:36:54,55:31,04:28
Peter Cromie,38,74,37,43:31:25,50:02,09:57
Peter Cromie,38,74,38,44:32:45,51:22,08:37
Jeff Stafford,10,75,1,7:31:28,50:05,09:54
Jeff Stafford,10,75,2,8:29:33,48:11,11:48
Jeff Stafford,10,75,3,9:31:14,49:52,10:07
Jeff Stafford,10,75,4,10:31:43,50:21,09:38
Jeff Stafford,10,75,5,11:31:39,50:16,09:43
Jeff Stafford,10,75,6,12:31:36,50:13,09:46
Jeff Stafford,10,75,7,13:32:05,50:43,09:16
Jeff Stafford,10,75,8,14:33:04,51:41,08:18
Jeff Stafford,10,75,9,15:34:37,53:14,06:45
Jeff Stafford,10,75,10,16:37:27,56:05,03:54
